Workbook

Sheet Datos
A1: TRABAJO INSTALACIONES DE FLUIDOS 2026-27 · EQUIPO 48 · Hotel 3*
A2: Leyenda: texto azul = dato de entrada (editable) · negro = fórmula · fondo amarillo = hipótesis a confirmar con el tutor
A4: Parámetro | B4: Valor | C4: Unidad | D4: Fuente / nota
A5: Equipo | B5: 48 | D5: Enunciado, Anexo I
A6: Tipo de suministro | B6: Mixto (DIR+ALJ) | D6: Enunciado, Anexo I
A7: Presión de red (a cota calzada 0,00) | B7: 40 | C7: mca | D7: Enunciado, Anexo I
A8: Plantas por encima de PB | B8: 11 | D8: Enunciado, Anexo I
A9: Emplazamiento | B9: Barcelona | D9: Enunciado, Anexo I
A10: Acometidas | B10: Este/Oeste | D10: Enunciado, Anexo I
A11: Cota calzada | B11: 0 | C11: m | D11: Plano esquema vertical
A12: Cota solera PB | B12: 0.3 | C12: m | D12: Enunciado cond. 6
A13: Altura PB (solera PB a solera P1) | B13: 4.1 | C13: m | D13: Enunciado cond. 6
A14: Altura planta tipo (solera a solera) | B14: 3.3 | C14: m | D14: Enunciado cond. 6
A15: Altura conexión aparatos sobre solera | B15: 0.6 | C15: m | D15: Enunciado cond. 32
A16: Cota solera sótano | B16: -3 | C16: m | D16: HIPÓTESIS: no acotada en el DWG; medir en sección
A17: Mayoración longitudes (f L-eq) | B17: 1.3 | D17: Enunciado cond. 33
A18: Presión mínima en grifo | B18: 10 | C18: mca | D18: CTE DB-HS4 2.1.3
A19: Presión máxima en grifo | B19: 50 | C19: mca | D19: CTE DB-HS4 2.1.3
A20: Diferencial calderín (BVF) Δp | B20: 20 | C20: mca | D20: Procedimiento diseño UPV
A23: Simultaneidad UNE 149201 · Hoteles, discotecas, museos: Qc = A·Qt^B + C (l/s)
A24: Rango | B24: A | C24: B | D24: C
A25: Qt ≤ 20 l/s | B25: 0.698 | C25: 0.5 | D25: -0.12
A26: Qt > 20 l/s | B26: 1 | C26: 0.366 | D26: 0
A29: Caudales instantáneos mínimos · CTE DB-HS4 Tabla 2.1
A30: Aparato | B30: Q AF (l/s) | C30: Q ACS (l/s) | D30: Nota
A31: Lavabo | B31: 0.1 | C31: 0.065
A32: Ducha | B32: 0.2 | C32: 0.1
A33: Bañera ≥ 1,40 m | B33: 0.3 | C33: 0.2 | D33: Bañeras del hotel ≈1,70 m (medido en DWG)
A34: Bidé | B34: 0.1 | C34: 0.065
A35: Inodoro con cisterna | B35: 0.1 | C35: 0
A36: Urinario con cisterna | B36: 0.04 | C36: 0
A37: Fregadero no doméstico | B37: 0.3 | C37: 0.2
A38: Lavavajillas industrial (20 serv.) | B38: 0.25 | C38: 0.2 | D38: Bitérmico (enunciado cond. 15)
A39: Vertedero | B39: 0.2 | C39: 0
A40: Grifo garaje / limpieza | B40: 0.2 | C40: 0

Sheet Locales
A1: Aparatos por tipo de local (contados sobre el DWG HOTEL_Trabajo_2026-27)
A3: Local | B3: Lavabo | C3: Ducha | D3: Bañera ≥ 1,40 m | E3: Bidé | F3: Inodoro con cisterna | G3: Urinario con cisterna | H3: Fregadero no doméstico | I3: Lavavajillas industrial (20 serv.) | J3: Vertedero | K3: Grifo garaje / limpieza | L3: Qt AF (l/s) | M3: Qt ACS (l/s) | N3: Qt AF+ACS (l/s) | O3: Observaciones
A4: Habitación estándar | B4: 1 | C4: 0 | D4: 1 | E4: 1 | F4: 1 | G4: 0 | H4: 0 | I4: 0 | J4: 0 | K4: 0 | L4: =B4*Datos!$B$31+C4*Datos!$B$32+D4*Datos!$B$33+E4*Datos!$B$34+F4*Datos!$B$35+G4*Datos!$B$36+H4*Datos!$B$37+I4*Datos!$B$38+J4*Datos!$B$39+K4*Datos!$B$40 | M4: =B4*Datos!$C$31+C4*Datos!$C$32+D4*Datos!$C$33+E4*Datos!$C$34+F4*Datos!$C$35+G4*Datos!$C$36+H4*Datos!$C$37+I4*Datos!$C$38+J4*Datos!$C$39+K4*Datos!$C$40 | N4: =L4+M4 | O4: 24 por planta tipo, 5 en PB
A5: Habitación adaptada | B5: 1 | C5: 1 | D5: 0 | E5: 0 | F5: 1 | G5: 0 | H5: 0 | I5: 0 | J5: 0 | K5: 0 | L5: =B5*Datos!$B$31+C5*Datos!$B$32+D5*Datos!$B$33+E5*Datos!$B$34+F5*Datos!$B$35+G5*Datos!$B$36+H5*Datos!$B$37+I5*Datos!$B$38+J5*Datos!$B$39+K5*Datos!$B$40 | M5: =B5*Datos!$C$31+C5*Datos!$C$32+D5*Datos!$C$33+E5*Datos!$C$34+F5*Datos!$C$35+G5*Datos!$C$36+H5*Datos!$C$37+I5*Datos!$C$38+J5*Datos!$C$39+K5*Datos!$C$40 | N5: =L5+M5 | O5: Ducha a ras de suelo con sumidero. 2 por planta tipo, 2 en PB (004, 006)
A6: Oficio de planta (21) | B6: 0 | C6: 0 | D6: 0 | E6: 0 | F6: 0 | G6: 0 | H6: 1 | I6: 0 | J6: 1 | K6: 0 | L6: =B6*Datos!$B$31+C6*Datos!$B$32+D6*Datos!$B$33+E6*Datos!$B$34+F6*Datos!$B$35+G6*Datos!$B$36+H6*Datos!$B$37+I6*Datos!$B$38+J6*Datos!$B$39+K6*Datos!$B$40 | M6: =B6*Datos!$C$31+C6*Datos!$C$32+D6*Datos!$C$33+E6*Datos!$C$34+F6*Datos!$C$35+G6*Datos!$C$36+H6*Datos!$C$37+I6*Datos!$C$38+J6*Datos!$C$39+K6*Datos!$C$40 | N6: =L6+M6 | O6: Leyenda: fregadero + vertedero
A7: Aseo público hombres (8) | B7: 2 | C7: 0 | D7: 0 | E7: 0 | F7: 2 | G7: 2 | H7: 0 | I7: 0 | J7: 0 | K7: 0 | L7: =B7*Datos!$B$31+C7*Datos!$B$32+D7*Datos!$B$33+E7*Datos!$B$34+F7*Datos!$B$35+G7*Datos!$B$36+H7*Datos!$B$37+I7*Datos!$B$38+J7*Datos!$B$39+K7*Datos!$B$40 | M7: =B7*Datos!$C$31+C7*Datos!$C$32+D7*Datos!$C$33+E7*Datos!$C$34+F7*Datos!$C$35+G7*Datos!$C$36+H7*Datos!$C$37+I7*Datos!$C$38+J7*Datos!$C$39+K7*Datos!$C$40 | N7: =L7+M7 | O7: 2 urinarios dibujados en el aseo derecho
A8: Aseo público mujeres (8) | B8: 2 | C8: 0 | D8: 0 | E8: 0 | F8: 2 | G8: 0 | H8: 0 | I8: 0 | J8: 0 | K8: 0 | L8: =B8*Datos!$B$31+C8*Datos!$B$32+D8*Datos!$B$33+E8*Datos!$B$34+F8*Datos!$B$35+G8*Datos!$B$36+H8*Datos!$B$37+I8*Datos!$B$38+J8*Datos!$B$39+K8*Datos!$B$40 | M8: =B8*Datos!$C$31+C8*Datos!$C$32+D8*Datos!$C$33+E8*Datos!$C$34+F8*Datos!$C$35+G8*Datos!$C$36+H8*Datos!$C$37+I8*Datos!$C$38+J8*Datos!$C$39+K8*Datos!$C$40 | N8: =L8+M8
A9: Vestuario hombres (23) | B9: 2 | C9: 1 | D9: 0 | E9: 0 | F9: 1 | G9: 0 | H9: 0 | I9: 0 | J9: 0 | K9: 0 | L9: =B9*Datos!$B$31+C9*Datos!$B$32+D9*Datos!$B$33+E9*Datos!$B$34+F9*Datos!$B$35+G9*Datos!$B$36+H9*Datos!$B$37+I9*Datos!$B$38+J9*Datos!$B$39+K9*Datos!$B$40 | M9: =B9*Datos!$C$31+C9*Datos!$C$32+D9*Datos!$C$33+E9*Datos!$C$34+F9*Datos!$C$35+G9*Datos!$C$36+H9*Datos!$C$37+I9*Datos!$C$38+J9*Datos!$C$39+K9*Datos!$C$40 | N9: =L9+M9 | O9: Leyenda: inodoro + ducha + lavabos
A10: Vestuario mujeres (23) | B10: 2 | C10: 1 | D10: 0 | E10: 0 | F10: 1 | G10: 0 | H10: 0 | I10: 0 | J10: 0 | K10: 0 | L10: =B10*Datos!$B$31+C10*Datos!$B$32+D10*Datos!$B$33+E10*Datos!$B$34+F10*Datos!$B$35+G10*Datos!$B$36+H10*Datos!$B$37+I10*Datos!$B$38+J10*Datos!$B$39+K10*Datos!$B$40 | M10: =B10*Datos!$C$31+C10*Datos!$C$32+D10*Datos!$C$33+E10*Datos!$C$34+F10*Datos!$C$35+G10*Datos!$C$36+H10*Datos!$C$37+I10*Datos!$C$38+J10*Datos!$C$39+K10*Datos!$C$40 | N10: =L10+M10
A11: Barra (4) | B11: 0 | C11: 0 | D11: 0 | E11: 0 | F11: 0 | G11: 0 | H11: 1 | I11: 1 | J11: 0 | K11: 0 | L11: =B11*Datos!$B$31+C11*Datos!$B$32+D11*Datos!$B$33+E11*Datos!$B$34+F11*Datos!$B$35+G11*Datos!$B$36+H11*Datos!$B$37+I11*Datos!$B$38+J11*Datos!$B$39+K11*Datos!$B$40 | M11: =B11*Datos!$C$31+C11*Datos!$C$32+D11*Datos!$C$33+E11*Datos!$C$34+F11*Datos!$C$35+G11*Datos!$C$36+H11*Datos!$C$37+I11*Datos!$C$38+J11*Datos!$C$39+K11*Datos!$C$40 | N11: =L11+M11 | O11: Leyenda: fregadero + lavavajillas
A12: Cocina (15) | B12: 0 | C12: 0 | D12: 0 | E12: 0 | F12: 0 | G12: 0 | H12: 1 | I12: 2 | J12: 0 | K12: 0 | L12: =B12*Datos!$B$31+C12*Datos!$B$32+D12*Datos!$B$33+E12*Datos!$B$34+F12*Datos!$B$35+G12*Datos!$B$36+H12*Datos!$B$37+I12*Datos!$B$38+J12*Datos!$B$39+K12*Datos!$B$40 | M12: =B12*Datos!$C$31+C12*Datos!$C$32+D12*Datos!$C$33+E12*Datos!$C$34+F12*Datos!$C$35+G12*Datos!$C$36+H12*Datos!$C$37+I12*Datos!$C$38+J12*Datos!$C$39+K12*Datos!$C$40 | N12: =L12+M12 | O12: Leyenda: 2 lavavajillas + fregadero
A13: Cuarto frío (17) | B13: 0 | C13: 0 | D13: 0 | E13: 0 | F13: 0 | G13: 0 | H13: 1 | I13: 0 | J13: 0 | K13: 0 | L13: =B13*Datos!$B$31+C13*Datos!$B$32+D13*Datos!$B$33+E13*Datos!$B$34+F13*Datos!$B$35+G13*Datos!$B$36+H13*Datos!$B$37+I13*Datos!$B$38+J13*Datos!$B$39+K13*Datos!$B$40 | M13: =B13*Datos!$C$31+C13*Datos!$C$32+D13*Datos!$C$33+E13*Datos!$C$34+F13*Datos!$C$35+G13*Datos!$C$36+H13*Datos!$C$37+I13*Datos!$C$38+J13*Datos!$C$39+K13*Datos!$C$40 | N13: =L13+M13 | O13: Leyenda: fregadero
A14: Cuarto de basuras (19) | B14: 0 | C14: 0 | D14: 0 | E14: 0 | F14: 0 | G14: 0 | H14: 0 | I14: 0 | J14: 0 | K14: 1 | L14: =B14*Datos!$B$31+C14*Datos!$B$32+D14*Datos!$B$33+E14*Datos!$B$34+F14*Datos!$B$35+G14*Datos!$B$36+H14*Datos!$B$37+I14*Datos!$B$38+J14*Datos!$B$39+K14*Datos!$B$40 | M14: =B14*Datos!$C$31+C14*Datos!$C$32+D14*Datos!$C$33+E14*Datos!$C$34+F14*Datos!$C$35+G14*Datos!$C$36+H14*Datos!$C$37+I14*Datos!$C$38+J14*Datos!$C$39+K14*Datos!$C$40 | N14: =L14+M14 | O14: HIPÓTESIS: grifo de limpieza (no dibujado)
A15: Garaje sótano | B15: 0 | C15: 0 | D15: 0 | E15: 0 | F15: 0 | G15: 0 | H15: 0 | I15: 0 | J15: 0 | K15: 1 | L15: =B15*Datos!$B$31+C15*Datos!$B$32+D15*Datos!$B$33+E15*Datos!$B$34+F15*Datos!$B$35+G15*Datos!$B$36+H15*Datos!$B$37+I15*Datos!$B$38+J15*Datos!$B$39+K15*Datos!$B$40 | M15: =B15*Datos!$C$31+C15*Datos!$C$32+D15*Datos!$C$33+E15*Datos!$C$34+F15*Datos!$C$35+G15*Datos!$C$36+H15*Datos!$C$37+I15*Datos!$C$38+J15*Datos!$C$39+K15*Datos!$C$40 | N15: =L15+M15 | O15: HIPÓTESIS: grifo de limpieza (cond. 21: recogida de aguas en sótano)

Sheet Plantas
A1: Inventario por planta, caudales y simultaneidad (UNE 149201)
A3: Planta | B3: Nº | C3: Habitación estándar | D3: Habitación adaptada | E3: Oficio de planta (21) | F3: Aseo público hombres (8) | G3: Aseo público mujeres (8) | H3: Vestuario hombres (23) | I3: Vestuario mujeres (23) | J3: Barra (4) | K3: Cocina (15) | L3: Cuarto frío (17) | M3: Cuarto de basuras (19) | N3: Garaje sótano | O3: Cota solera (m) | P3: Cota grifo (m) | Q3: Qt AF (l/s) | R3: Qt ACS (l/s) | S3: Qt AF+ACS (l/s) | T3: Qc AF planta (l/s) | U3: Qc ACS planta (l/s) | V3: Qt AF acumulado desde cubierta | W3: Qc AF acumulado (montante) (l/s)
A4: Sótano | B4: -1 | C4: 0 | D4: 0 | E4: 0 | F4: 0 | G4: 0 | H4: 0 | I4: 0 | J4: 0 | K4: 0 | L4: 0 | M4: 0 | N4: 1 | O4: =Datos!$B$16 | P4: =O4+Datos!$B$15 | Q4: =C4*Locales!$L$4+D4*Locales!$L$5+E4*Locales!$L$6+F4*Locales!$L$7+G4*Locales!$L$8+H4*Locales!$L$9+I4*Locales!$L$10+J4*Locales!$L$11+K4*Locales!$L$12+L4*Locales!$L$13+M4*Locales!$L$14+N4*Locales!$L$15 | R4: =C4*Locales!$M$4+D4*Locales!$M$5+E4*Locales!$M$6+F4*Locales!$M$7+G4*Locales!$M$8+H4*Locales!$M$9+I4*Locales!$M$10+J4*Locales!$M$11+K4*Locales!$M$12+L4*Locales!$M$13+M4*Locales!$M$14+N4*Locales!$M$15 | S4: =Q4+R4 | T4: =IF(Q4<=0,0,MIN(Q4,IF(Q4<=20,Datos!$B$25*Q4^Datos!$C$25+Datos!$D$25,Datos!$B$26*Q4^Datos!$C$26+Datos!$D$26))) | U4: =IF(R4<=0,0,MIN(R4,IF(R4<=20,Datos!$B$25*R4^Datos!$C$25+Datos!$D$25,Datos!$B$26*R4^Datos!$C$26+Datos!$D$26))) | V4: =SUM(Q4:Q$16) | W4: =IF(V4<=0,0,MIN(V4,IF(V4<=20,Datos!$B$25*V4^Datos!$C$25+Datos!$D$25,Datos!$B$26*V4^Datos!$C$26+Datos!$D$26)))
A5: Planta baja | B5: 0 | C5: 5 | D5: 2 | E5: 1 | F5: 1 | G5: 1 | H5: 1 | I5: 1 | J5: 1 | K5: 1 | L5: 1 | M5: 1 | N5: 0 | O5: =Datos!$B$12 | P5: =O5+Datos!$B$15 | Q5: =C5*Locales!$L$4+D5*Locales!$L$5+E5*Locales!$L$6+F5*Locales!$L$7+G5*Locales!$L$8+H5*Locales!$L$9+I5*Locales!$L$10+J5*Locales!$L$11+K5*Locales!$L$12+L5*Locales!$L$13+M5*Locales!$L$14+N5*Locales!$L$15 | R5: =C5*Locales!$M$4+D5*Locales!$M$5+E5*Locales!$M$6+F5*Locales!$M$7+G5*Locales!$M$8+H5*Locales!$M$9+I5*Locales!$M$10+J5*Locales!$M$11+K5*Locales!$M$12+L5*Locales!$M$13+M5*Locales!$M$14+N5*Locales!$M$15 | S5: =Q5+R5 | T5: =IF(Q5<=0,0,MIN(Q5,IF(Q5<=20,Datos!$B$25*Q5^Datos!$C$25+Datos!$D$25,Datos!$B$26*Q5^Datos!$C$26+Datos!$D$26))) | U5: =IF(R5<=0,0,MIN(R5,IF(R5<=20,Datos!$B$25*R5^Datos!$C$25+Datos!$D$25,Datos!$B$26*R5^Datos!$C$26+Datos!$D$26))) | V5: =SUM(Q5:Q$16) | W5: =IF(V5<=0,0,MIN(V5,IF(V5<=20,Datos!$B$25*V5^Datos!$C$25+Datos!$D$25,Datos!$B$26*V5^Datos!$C$26+Datos!$D$26)))
A6: Planta 1 | B6: 1 | C6: 24 | D6: 2 | E6: 1 | F6: 0 | G6: 0 | H6: 0 | I6: 0 | J6: 0 | K6: 0 | L6: 0 | M6: 0 | N6: 0 | O6: =Datos!$B$12+Datos!$B$13+(B6-1)*Datos!$B$14 | P6: =O6+Datos!$B$15 | Q6: =C6*Locales!$L$4+D6*Locales!$L$5+E6*Locales!$L$6+F6*Locales!$L$7+G6*Locales!$L$8+H6*Locales!$L$9+I6*Locales!$L$10+J6*Locales!$L$11+K6*Locales!$L$12+L6*Locales!$L$13+M6*Locales!$L$14+N6*Locales!$L$15 | R6: =C6*Locales!$M$4+D6*Locales!$M$5+E6*Locales!$M$6+F6*Locales!$M$7+G6*Locales!$M$8+H6*Locales!$M$9+I6*Locales!$M$10+J6*Locales!$M$11+K6*Locales!$M$12+L6*Locales!$M$13+M6*Locales!$M$14+N6*Locales!$M$15 | S6: =Q6+R6 | T6: =IF(Q6<=0,0,MIN(Q6,IF(Q6<=20,Datos!$B$25*Q6^Datos!$C$25+Datos!$D$25,Datos!$B$26*Q6^Datos!$C$26+Datos!$D$26))) | U6: =IF(R6<=0,0,MIN(R6,IF(R6<=20,Datos!$B$25*R6^Datos!$C$25+Datos!$D$25,Datos!$B$26*R6^Datos!$C$26+Datos!$D$26))) | V6: =SUM(Q6:Q$16) | W6: =IF(V6<=0,0,MIN(V6,IF(V6<=20,Datos!$B$25*V6^Datos!$C$25+Datos!$D$25,Datos!$B$26*V6^Datos!$C$26+Datos!$D$26)))
A7: Planta 2 | B7: 2 | C7: 24 | D7: 2 | E7: 1 | F7: 0 | G7: 0 | H7: 0 | I7: 0 | J7: 0 | K7: 0 | L7: 0 | M7: 0 | N7: 0 | O7: =Datos!$B$12+Datos!$B$13+(B7-1)*Datos!$B$14 | P7: =O7+Datos!$B$15 | Q7: =C7*Locales!$L$4+D7*Locales!$L$5+E7*Locales!$L$6+F7*Locales!$L$7+G7*Locales!$L$8+H7*Locales!$L$9+I7*Locales!$L$10+J7*Locales!$L$11+K7*Locales!$L$12+L7*Locales!$L$13+M7*Locales!$L$14+N7*Locales!$L$15 | R7: =C7*Locales!$M$4+D7*Locales!$M$5+E7*Locales!$M$6+F7*Locales!$M$7+G7*Locales!$M$8+H7*Locales!$M$9+I7*Locales!$M$10+J7*Locales!$M$11+K7*Locales!$M$12+L7*Locales!$M$13+M7*Locales!$M$14+N7*Locales!$M$15 | S7: =Q7+R7 | T7: =IF(Q7<=0,0,MIN(Q7,IF(Q7<=20,Datos!$B$25*Q7^Datos!$C$25+Datos!$D$25,Datos!$B$26*Q7^Datos!$C$26+Datos!$D$26))) | U7: =IF(R7<=0,0,MIN(R7,IF(R7<=20,Datos!$B$25*R7^Datos!$C$25+Datos!$D$25,Datos!$B$26*R7^Datos!$C$26+Datos!$D$26))) | V7: =SUM(Q7:Q$16) | W7: =IF(V7<=0,0,MIN(V7,IF(V7<=20,Datos!$B$25*V7^Datos!$C$25+Datos!$D$25,Datos!$B$26*V7^Datos!$C$26+Datos!$D$26)))
A8: Planta 3 | B8: 3 | C8: 24 | D8: 2 | E8: 1 | F8: 0 | G8: 0 | H8: 0 | I8: 0 | J8: 0 | K8: 0 | L8: 0 | M8: 0 | N8: 0 | O8: =Datos!$B$12+Datos!$B$13+(B8-1)*Datos!$B$14 | P8: =O8+Datos!$B$15 | Q8: =C8*Locales!$L$4+D8*Locales!$L$5+E8*Locales!$L$6+F8*Locales!$L$7+G8*Locales!$L$8+H8*Locales!$L$9+I8*Locales!$L$10+J8*Locales!$L$11+K8*Locales!$L$12+L8*Locales!$L$13+M8*Locales!$L$14+N8*Locales!$L$15 | R8: =C8*Locales!$M$4+D8*Locales!$M$5+E8*Locales!$M$6+F8*Locales!$M$7+G8*Locales!$M$8+H8*Locales!$M$9+I8*Locales!$M$10+J8*Locales!$M$11+K8*Locales!$M$12+L8*Locales!$M$13+M8*Locales!$M$14+N8*Locales!$M$15 | S8: =Q8+R8 | T8: =IF(Q8<=0,0,MIN(Q8,IF(Q8<=20,Datos!$B$25*Q8^Datos!$C$25+Datos!$D$25,Datos!$B$26*Q8^Datos!$C$26+Datos!$D$26))) | U8: =IF(R8<=0,0,MIN(R8,IF(R8<=20,Datos!$B$25*R8^Datos!$C$25+Datos!$D$25,Datos!$B$26*R8^Datos!$C$26+Datos!$D$26))) | V8: =SUM(Q8:Q$16) | W8: =IF(V8<=0,0,MIN(V8,IF(V8<=20,Datos!$B$25*V8^Datos!$C$25+Datos!$D$25,Datos!$B$26*V8^Datos!$C$26+Datos!$D$26)))
A9: Planta 4 | B9: 4 | C9: 24 | D9: 2 | E9: 1 | F9: 0 | G9: 0 | H9: 0 | I9: 0 | J9: 0 | K9: 0 | L9: 0 | M9: 0 | N9: 0 | O9: =Datos!$B$12+Datos!$B$13+(B9-1)*Datos!$B$14 | P9: =O9+Datos!$B$15 | Q9: =C9*Locales!$L$4+D9*Locales!$L$5+E9*Locales!$L$6+F9*Locales!$L$7+G9*Locales!$L$8+H9*Locales!$L$9+I9*Locales!$L$10+J9*Locales!$L$11+K9*Locales!$L$12+L9*Locales!$L$13+M9*Locales!$L$14+N9*Locales!$L$15 | R9: =C9*Locales!$M$4+D9*Locales!$M$5+E9*Locales!$M$6+F9*Locales!$M$7+G9*Locales!$M$8+H9*Locales!$M$9+I9*Locales!$M$10+J9*Locales!$M$11+K9*Locales!$M$12+L9*Locales!$M$13+M9*Locales!$M$14+N9*Locales!$M$15 | S9: =Q9+R9 | T9: =IF(Q9<=0,0,MIN(Q9,IF(Q9<=20,Datos!$B$25*Q9^Datos!$C$25+Datos!$D$25,Datos!$B$26*Q9^Datos!$C$26+Datos!$D$26))) | U9: =IF(R9<=0,0,MIN(R9,IF(R9<=20,Datos!$B$25*R9^Datos!$C$25+Datos!$D$25,Datos!$B$26*R9^Datos!$C$26+Datos!$D$26))) | V9: =SUM(Q9:Q$16) | W9: =IF(V9<=0,0,MIN(V9,IF(V9<=20,Datos!$B$25*V9^Datos!$C$25+Datos!$D$25,Datos!$B$26*V9^Datos!$C$26+Datos!$D$26)))
A10: Planta 5 | B10: 5 | C10: 24 | D10: 2 | E10: 1 | F10: 0 | G10: 0 | H10: 0 | I10: 0 | J10: 0 | K10: 0 | L10: 0 | M10: 0 | N10: 0 | O10: =Datos!$B$12+Datos!$B$13+(B10-1)*Datos!$B$14 | P10: =O10+Datos!$B$15 | Q10: =C10*Locales!$L$4+D10*Locales!$L$5+E10*Locales!$L$6+F10*Locales!$L$7+G10*Locales!$L$8+H10*Locales!$L$9+I10*Locales!$L$10+J10*Locales!$L$11+K10*Locales!$L$12+L10*Locales!$L$13+M10*Locales!$L$14+N10*Locales!$L$15 | R10: =C10*Locales!$M$4+D10*Locales!$M$5+E10*Locales!$M$6+F10*Locales!$M$7+G10*Locales!$M$8+H10*Locales!$M$9+I10*Locales!$M$10+J10*Locales!$M$11+K10*Locales!$M$12+L10*Locales!$M$13+M10*Locales!$M$14+N10*Locales!$M$15 | S10: =Q10+R10 | T10: =IF(Q10<=0,0,MIN(Q10,IF(Q10<=20,Datos!$B$25*Q10^Datos!$C$25+Datos!$D$25,Datos!$B$26*Q10^Datos!$C$26+Datos!$D$26))) | U10: =IF(R10<=0,0,MIN(R10,IF(R10<=20,Datos!$B$25*R10^Datos!$C$25+Datos!$D$25,Datos!$B$26*R10^Datos!$C$26+Datos!$D$26))) | V10: =SUM(Q10:Q$16) | W10: =IF(V10<=0,0,MIN(V10,IF(V10<=20,Datos!$B$25*V10^Datos!$C$25+Datos!$D$25,Datos!$B$26*V10^Datos!$C$26+Datos!$D$26)))
A11: Planta 6 | B11: 6 | C11: 24 | D11: 2 | E11: 1 | F11: 0 | G11: 0 | H11: 0 | I11: 0 | J11: 0 | K11: 0 | L11: 0 | M11: 0 | N11: 0 | O11: =Datos!$B$12+Datos!$B$13+(B11-1)*Datos!$B$14 | P11: =O11+Datos!$B$15 | Q11: =C11*Locales!$L$4+D11*Locales!$L$5+E11*Locales!$L$6+F11*Locales!$L$7+G11*Locales!$L$8+H11*Locales!$L$9+I11*Locales!$L$10+J11*Locales!$L$11+K11*Locales!$L$12+L11*Locales!$L$13+M11*Locales!$L$14+N11*Locales!$L$15 | R11: =C11*Locales!$M$4+D11*Locales!$M$5+E11*Locales!$M$6+F11*Locales!$M$7+G11*Locales!$M$8+H11*Locales!$M$9+I11*Locales!$M$10+J11*Locales!$M$11+K11*Locales!$M$12+L11*Locales!$M$13+M11*Locales!$M$14+N11*Locales!$M$15 | S11: =Q11+R11 | T11: =IF(Q11<=0,0,MIN(Q11,IF(Q11<=20,Datos!$B$25*Q11^Datos!$C$25+Datos!$D$25,Datos!$B$26*Q11^Datos!$C$26+Datos!$D$26))) | U11: =IF(R11<=0,0,MIN(R11,IF(R11<=20,Datos!$B$25*R11^Datos!$C$25+Datos!$D$25,Datos!$B$26*R11^Datos!$C$26+Datos!$D$26))) | V11: =SUM(Q11:Q$16) | W11: =IF(V11<=0,0,MIN(V11,IF(V11<=20,Datos!$B$25*V11^Datos!$C$25+Datos!$D$25,Datos!$B$26*V11^Datos!$C$26+Datos!$D$26)))
A12: Planta 7 | B12: 7 | C12: 24 | D12: 2 | E12: 1 | F12: 0 | G12: 0 | H12: 0 | I12: 0 | J12: 0 | K12: 0 | L12: 0 | M12: 0 | N12: 0 | O12: =Datos!$B$12+Datos!$B$13+(B12-1)*Datos!$B$14 | P12: =O12+Datos!$B$15 | Q12: =C12*Locales!$L$4+D12*Locales!$L$5+E12*Locales!$L$6+F12*Locales!$L$7+G12*Locales!$L$8+H12*Locales!$L$9+I12*Locales!$L$10+J12*Locales!$L$11+K12*Locales!$L$12+L12*Locales!$L$13+M12*Locales!$L$14+N12*Locales!$L$15 | R12: =C12*Locales!$M$4+D12*Locales!$M$5+E12*Locales!$M$6+F12*Locales!$M$7+G12*Locales!$M$8+H12*Locales!$M$9+I12*Locales!$M$10+J12*Locales!$M$11+K12*Locales!$M$12+L12*Locales!$M$13+M12*Locales!$M$14+N12*Locales!$M$15 | S12: =Q12+R12 | T12: =IF(Q12<=0,0,MIN(Q12,IF(Q12<=20,Datos!$B$25*Q12^Datos!$C$25+Datos!$D$25,Datos!$B$26*Q12^Datos!$C$26+Datos!$D$26))) | U12: =IF(R12<=0,0,MIN(R12,IF(R12<=20,Datos!$B$25*R12^Datos!$C$25+Datos!$D$25,Datos!$B$26*R12^Datos!$C$26+Datos!$D$26))) | V12: =SUM(Q12:Q$16) | W12: =IF(V12<=0,0,MIN(V12,IF(V12<=20,Datos!$B$25*V12^Datos!$C$25+Datos!$D$25,Datos!$B$26*V12^Datos!$C$26+Datos!$D$26)))
A13: Planta 8 | B13: 8 | C13: 24 | D13: 2 | E13: 1 | F13: 0 | G13: 0 | H13: 0 | I13: 0 | J13: 0 | K13: 0 | L13: 0 | M13: 0 | N13: 0 | O13: =Datos!$B$12+Datos!$B$13+(B13-1)*Datos!$B$14 | P13: =O13+Datos!$B$15 | Q13: =C13*Locales!$L$4+D13*Locales!$L$5+E13*Locales!$L$6+F13*Locales!$L$7+G13*Locales!$L$8+H13*Locales!$L$9+I13*Locales!$L$10+J13*Locales!$L$11+K13*Locales!$L$12+L13*Locales!$L$13+M13*Locales!$L$14+N13*Locales!$L$15 | R13: =C13*Locales!$M$4+D13*Locales!$M$5+E13*Locales!$M$6+F13*Locales!$M$7+G13*Locales!$M$8+H13*Locales!$M$9+I13*Locales!$M$10+J13*Locales!$M$11+K13*Locales!$M$12+L13*Locales!$M$13+M13*Locales!$M$14+N13*Locales!$M$15 | S13: =Q13+R13 | T13: =IF(Q13<=0,0,MIN(Q13,IF(Q13<=20,Datos!$B$25*Q13^Datos!$C$25+Datos!$D$25,Datos!$B$26*Q13^Datos!$C$26+Datos!$D$26))) | U13: =IF(R13<=0,0,MIN(R13,IF(R13<=20,Datos!$B$25*R13^Datos!$C$25+Datos!$D$25,Datos!$B$26*R13^Datos!$C$26+Datos!$D$26))) | V13: =SUM(Q13:Q$16) | W13: =IF(V13<=0,0,MIN(V13,IF(V13<=20,Datos!$B$25*V13^Datos!$C$25+Datos!$D$25,Datos!$B$26*V13^Datos!$C$26+Datos!$D$26)))
A14: Planta 9 | B14: 9 | C14: 24 | D14: 2 | E14: 1 | F14: 0 | G14: 0 | H14: 0 | I14: 0 | J14: 0 | K14: 0 | L14: 0 | M14: 0 | N14: 0 | O14: =Datos!$B$12+Datos!$B$13+(B14-1)*Datos!$B$14 | P14: =O14+Datos!$B$15 | Q14: =C14*Locales!$L$4+D14*Locales!$L$5+E14*Locales!$L$6+F14*Locales!$L$7+G14*Locales!$L$8+H14*Locales!$L$9+I14*Locales!$L$10+J14*Locales!$L$11+K14*Locales!$L$12+L14*Locales!$L$13+M14*Locales!$L$14+N14*Locales!$L$15 | R14: =C14*Locales!$M$4+D14*Locales!$M$5+E14*Locales!$M$6+F14*Locales!$M$7+G14*Locales!$M$8+H14*Locales!$M$9+I14*Locales!$M$10+J14*Locales!$M$11+K14*Locales!$M$12+L14*Locales!$M$13+M14*Locales!$M$14+N14*Locales!$M$15 | S14: =Q14+R14 | T14: =IF(Q14<=0,0,MIN(Q14,IF(Q14<=20,Datos!$B$25*Q14^Datos!$C$25+Datos!$D$25,Datos!$B$26*Q14^Datos!$C$26+Datos!$D$26))) | U14: =IF(R14<=0,0,MIN(R14,IF(R14<=20,Datos!$B$25*R14^Datos!$C$25+Datos!$D$25,Datos!$B$26*R14^Datos!$C$26+Datos!$D$26))) | V14: =SUM(Q14:Q$16) | W14: =IF(V14<=0,0,MIN(V14,IF(V14<=20,Datos!$B$25*V14^Datos!$C$25+Datos!$D$25,Datos!$B$26*V14^Datos!$C$26+Datos!$D$26)))
A15: Planta 10 | B15: 10 | C15: 24 | D15: 2 | E15: 1 | F15: 0 | G15: 0 | H15: 0 | I15: 0 | J15: 0 | K15: 0 | L15: 0 | M15: 0 | N15: 0 | O15: =Datos!$B$12+Datos!$B$13+(B15-1)*Datos!$B$14 | P15: =O15+Datos!$B$15 | Q15: =C15*Locales!$L$4+D15*Locales!$L$5+E15*Locales!$L$6+F15*Locales!$L$7+G15*Locales!$L$8+H15*Locales!$L$9+I15*Locales!$L$10+J15*Locales!$L$11+K15*Locales!$L$12+L15*Locales!$L$13+M15*Locales!$L$14+N15*Locales!$L$15 | R15: =C15*Locales!$M$4+D15*Locales!$M$5+E15*Locales!$M$6+F15*Locales!$M$7+G15*Locales!$M$8+H15*Locales!$M$9+I15*Locales!$M$10+J15*Locales!$M$11+K15*Locales!$M$12+L15*Locales!$M$13+M15*Locales!$M$14+N15*Locales!$M$15 | S15: =Q15+R15 | T15: =IF(Q15<=0,0,MIN(Q15,IF(Q15<=20,Datos!$B$25*Q15^Datos!$C$25+Datos!$D$25,Datos!$B$26*Q15^Datos!$C$26+Datos!$D$26))) | U15: =IF(R15<=0,0,MIN(R15,IF(R15<=20,Datos!$B$25*R15^Datos!$C$25+Datos!$D$25,Datos!$B$26*R15^Datos!$C$26+Datos!$D$26))) | V15: =SUM(Q15:Q$16) | W15: =IF(V15<=0,0,MIN(V15,IF(V15<=20,Datos!$B$25*V15^Datos!$C$25+Datos!$D$25,Datos!$B$26*V15^Datos!$C$26+Datos!$D$26)))
A16: Planta 11 | B16: 11 | C16: 24 | D16: 2 | E16: 1 | F16: 0 | G16: 0 | H16: 0 | I16: 0 | J16: 0 | K16: 0 | L16: 0 | M16: 0 | N16: 0 | O16: =Datos!$B$12+Datos!$B$13+(B16-1)*Datos!$B$14 | P16: =O16+Datos!$B$15 | Q16: =C16*Locales!$L$4+D16*Locales!$L$5+E16*Locales!$L$6+F16*Locales!$L$7+G16*Locales!$L$8+H16*Locales!$L$9+I16*Locales!$L$10+J16*Locales!$L$11+K16*Locales!$L$12+L16*Locales!$L$13+M16*Locales!$L$14+N16*Locales!$L$15 | R16: =C16*Locales!$M$4+D16*Locales!$M$5+E16*Locales!$M$6+F16*Locales!$M$7+G16*Locales!$M$8+H16*Locales!$M$9+I16*Locales!$M$10+J16*Locales!$M$11+K16*Locales!$M$12+L16*Locales!$M$13+M16*Locales!$M$14+N16*Locales!$M$15 | S16: =Q16+R16 | T16: =IF(Q16<=0,0,MIN(Q16,IF(Q16<=20,Datos!$B$25*Q16^Datos!$C$25+Datos!$D$25,Datos!$B$26*Q16^Datos!$C$26+Datos!$D$26))) | U16: =IF(R16<=0,0,MIN(R16,IF(R16<=20,Datos!$B$25*R16^Datos!$C$25+Datos!$D$25,Datos!$B$26*R16^Datos!$C$26+Datos!$D$26))) | V16: =SUM(Q16:Q$16) | W16: =IF(V16<=0,0,MIN(V16,IF(V16<=20,Datos!$B$25*V16^Datos!$C$25+Datos!$D$25,Datos!$B$26*V16^Datos!$C$26+Datos!$D$26)))
A17: TOTAL EDIFICIO | Q17: =SUM(Q4:Q16) | R17: =SUM(R4:R16) | S17: =SUM(S4:S16) | T17: =IF(Q17<=0,0,MIN(Q17,IF(Q17<=20,Datos!$B$25*Q17^Datos!$C$25+Datos!$D$25,Datos!$B$26*Q17^Datos!$C$26+Datos!$D$26))) | U17: =IF(R17<=0,0,MIN(R17,IF(R17<=20,Datos!$B$25*R17^Datos!$C$25+Datos!$D$25,Datos!$B$26*R17^Datos!$C$26+Datos!$D$26)))
A18: Qc instalación general común (AF + alimentación producción ACS): | S18: =IF(S17<=0,0,MIN(S17,IF(S17<=20,Datos!$B$25*S17^Datos!$C$25+Datos!$D$25,Datos!$B$26*S17^Datos!$C$26+Datos!$D$26)))
A19: Nota: la simultaneidad se aplica al caudal instalado acumulado de cada tramo (UNE 149201). Qc nunca supera Qt.

Sheet Escalones
A1: Predimensionado: plantas abastecibles en directo con la presión de red
A2: P grifo = P red − (z grifo − z calzada) − Σhm − j·L·fLeq (Procedimiento diseño UPV, paso 3). Valores de j, Σhm y longitudes = estimación previa al trazado.
A4: Dato | B4: Valor | C4: Unidad | D4: Nota
A5: Pendiente hidráulica de diseño j | B5: 40 | C5: mm/m | D5: HIPÓTESIS: rango 15-150 mm/m
A6: Σ pérdidas singulares (llave, filtro, contador, retención, llaves) | B6: 5 | C6: mca | D6: HIPÓTESIS: se recalcula con K reales
A7: L acometida → patinillo (incl. bajada a sótano) | B7: 20 | C7: m | D7: HIPÓTESIS: acometida por fachada OESTE, núcleo escalera 1 (medir en plano)
A8: L horizontal planta: patinillo → habitación más alejada | B8: 47 | C8: m | D8: Medido en DWG: núcleo x≈4 m a hab. extremo x≈51 m
A9: L interior habitación hasta aparato DSF | B9: 6 | C9: m | D9: HIPÓTESIS
A11: Planta | B11: Cota grifo (m) | C11: L real (m) | D11: hf = j·L·fLeq (mca) | E11: Σhm (mca) | F11: P grifo DSF (mca) | G11: ¿Directo? (≥10 mca)
A12: =Plantas!A5 | B12: =Plantas!P5 | C12: =$B$7+(B12-Datos!$B$16)+$B$8+$B$9 | D12: =$B$5/1000*C12*Datos!$B$17 | E12: =$B$6 | F12: =Datos!$B$7-(B12-Datos!$B$11)-D12-E12 | G12: =IF(F12>=Datos!$B$18,"SÍ","NO → bombeo")
A13: =Plantas!A6 | B13: =Plantas!P6 | C13: =$B$7+(B13-Datos!$B$16)+$B$8+$B$9 | D13: =$B$5/1000*C13*Datos!$B$17 | E13: =$B$6 | F13: =Datos!$B$7-(B13-Datos!$B$11)-D13-E13 | G13: =IF(F13>=Datos!$B$18,"SÍ","NO → bombeo")
A14: =Plantas!A7 | B14: =Plantas!P7 | C14: =$B$7+(B14-Datos!$B$16)+$B$8+$B$9 | D14: =$B$5/1000*C14*Datos!$B$17 | E14: =$B$6 | F14: =Datos!$B$7-(B14-Datos!$B$11)-D14-E14 | G14: =IF(F14>=Datos!$B$18,"SÍ","NO → bombeo")
A15: =Plantas!A8 | B15: =Plantas!P8 | C15: =$B$7+(B15-Datos!$B$16)+$B$8+$B$9 | D15: =$B$5/1000*C15*Datos!$B$17 | E15: =$B$6 | F15: =Datos!$B$7-(B15-Datos!$B$11)-D15-E15 | G15: =IF(F15>=Datos!$B$18,"SÍ","NO → bombeo")
A16: =Plantas!A9 | B16: =Plantas!P9 | C16: =$B$7+(B16-Datos!$B$16)+$B$8+$B$9 | D16: =$B$5/1000*C16*Datos!$B$17 | E16: =$B$6 | F16: =Datos!$B$7-(B16-Datos!$B$11)-D16-E16 | G16: =IF(F16>=Datos!$B$18,"SÍ","NO → bombeo")
A17: =Plantas!A10 | B17: =Plantas!P10 | C17: =$B$7+(B17-Datos!$B$16)+$B$8+$B$9 | D17: =$B$5/1000*C17*Datos!$B$17 | E17: =$B$6 | F17: =Datos!$B$7-(B17-Datos!$B$11)-D17-E17 | G17: =IF(F17>=Datos!$B$18,"SÍ","NO → bombeo")
A18: =Plantas!A11 | B18: =Plantas!P11 | C18: =$B$7+(B18-Datos!$B$16)+$B$8+$B$9 | D18: =$B$5/1000*C18*Datos!$B$17 | E18: =$B$6 | F18: =Datos!$B$7-(B18-Datos!$B$11)-D18-E18 | G18: =IF(F18>=Datos!$B$18,"SÍ","NO → bombeo")
A19: =Plantas!A12 | B19: =Plantas!P12 | C19: =$B$7+(B19-Datos!$B$16)+$B$8+$B$9 | D19: =$B$5/1000*C19*Datos!$B$17 | E19: =$B$6 | F19: =Datos!$B$7-(B19-Datos!$B$11)-D19-E19 | G19: =IF(F19>=Datos!$B$18,"SÍ","NO → bombeo")
A20: =Plantas!A13 | B20: =Plantas!P13 | C20: =$B$7+(B20-Datos!$B$16)+$B$8+$B$9 | D20: =$B$5/1000*C20*Datos!$B$17 | E20: =$B$6 | F20: =Datos!$B$7-(B20-Datos!$B$11)-D20-E20 | G20: =IF(F20>=Datos!$B$18,"SÍ","NO → bombeo")
A21: =Plantas!A14 | B21: =Plantas!P14 | C21: =$B$7+(B21-Datos!$B$16)+$B$8+$B$9 | D21: =$B$5/1000*C21*Datos!$B$17 | E21: =$B$6 | F21: =Datos!$B$7-(B21-Datos!$B$11)-D21-E21 | G21: =IF(F21>=Datos!$B$18,"SÍ","NO → bombeo")
A22: =Plantas!A15 | B22: =Plantas!P15 | C22: =$B$7+(B22-Datos!$B$16)+$B$8+$B$9 | D22: =$B$5/1000*C22*Datos!$B$17 | E22: =$B$6 | F22: =Datos!$B$7-(B22-Datos!$B$11)-D22-E22 | G22: =IF(F22>=Datos!$B$18,"SÍ","NO → bombeo")
A23: =Plantas!A16 | B23: =Plantas!P16 | C23: =$B$7+(B23-Datos!$B$16)+$B$8+$B$9 | D23: =$B$5/1000*C23*Datos!$B$17 | E23: =$B$6 | F23: =Datos!$B$7-(B23-Datos!$B$11)-D23-E23 | G23: =IF(F23>=Datos!$B$18,"SÍ","NO → bombeo")
A25: Plantas en directo (incluida PB): | B25: =COUNTIF(G12:G23,"SÍ")
A26: Plantas con bombeo: | B26: =COUNTIF(G12:G23,"NO*")
A28: Comprobación nº de plantas por estación con BVF (Procedimiento paso 3): Pmin + Δp calderín + Δz·NP < 50 mca
A29: NP máximo con BVF: | B29: =INT((Datos!$B$19-Datos!$B$18-Datos!$B$20)/Datos!$B$14)
A30: Límite enunciado (cond. 28): BVF ≤ 6 alturas · BVV ≤ 10 alturas por estación
