Workbook

Sheet Resumen
A1: RESUMEN · EQUIPO 48 · Entrega 1 (AF + ACS) · Hotel 3* Barcelona
A2: Todos los valores son fórmulas enlazadas a las hojas de cálculo.
A4: Concepto | B4: Valor | C4: Unidad / detalle
A5: Suministro | B5: Mixto DIR+ALJ
A6: Plantas en directo | B6: PB a P7 | C6: Recorridos R1-R4: presión mínima en grifo P7
A7: Presión mínima en grifo más desfavorable en directo | B7: =MIN(Recorridos!F5:F8) | C7: mca (≥10)
A8: Plantas con bombeo | B8: P8 a P11 | C8: 1 estación de bombeo BVV aspirando de aljibe
A9: Caudal simultáneo instalación general (Qc) | B9: =INDEX(Tramos!$K$5:$K$112,MATCH("G1",Tramos!$A$5:$A$112,0)) | C9: l/s
A10: Acometida / tubo de alimentación | B10: =INDEX(Tramos!$N$5:$N$112,MATCH("G1",Tramos!$A$5:$A$112,0)) | C10: PE100 SDR11 PN16
A11: Contador general | B11: =INDEX(Tramos!$N$5:$N$112,MATCH("E1",Tramos!$A$5:$A$112,0)) | C11: Woltman (velocidad 0,8-1,2 m/s)
A12: Válvula de retención general | B12: =INDEX(Tramos!$N$5:$N$112,MATCH("E2",Tramos!$A$5:$A$112,0))
A13: Filtro general | B13: =INDEX(Tramos!$N$5:$N$112,MATCH("E4",Tramos!$A$5:$A$112,0))
A14: Montante directo O (tramo inicial) | B14: =INDEX(Tramos!$N$5:$N$112,MATCH("MDL1",Tramos!$A$5:$A$112,0)) | C14: multicapa
A15: Montante bombeo O (tramo inicial) | B15: =INDEX(Tramos!$N$5:$N$112,MATCH("MBL8",Tramos!$A$5:$A$112,0)) | C15: multicapa
A16: Montante ACS alta O (tramo inicial) | B16: =INDEX(Tramos!$N$5:$N$112,MATCH("MCAL8",Tramos!$A$5:$A$112,0)) | C16: multicapa
A17: Montante ACS baja O (tramo inicial) | B17: =INDEX(Tramos!$N$5:$N$112,MATCH("MCBL1",Tramos!$A$5:$A$112,0)) | C17: multicapa
A18: Presión a mantener en calderín (BVV) | B18: =Bombeo!B5 | C18: mca
A19: Caudal de bombeo | B19: =Bombeo!B6 | C19: l/s
A20: Nº de bombas | B20: =Bombeo!B8&" + 1 reserva"
A21: Altura de bombeo | B21: =Bombeo!B11 | C21: mca
A22: Potencia eléctrica por bomba | B22: =Bombeo!B14 | C22: kW
A23: Calderín | B23: =Bombeo!B15 | C23: l
A24: Presión estática máxima (bombeo, planta más baja) | B24: =Bombeo!B16 | C24: mca (<50)
A25: Tarado válvula reductora ACS baja | B25: =Bombeo!B19 | C25: mca
A26: Aljibe | B26: =Bombeo!B25&" vasos × "&Bombeo!B27&" l" | C26: =Bombeo!B29
A27: Demanda ACS | B27: =ACS!B8 | C27: l/día a 60 ºC
A28: Contribución renovable exigida / obtenida | B28: =TEXT(ACS!B9,"0%")&" / "&TEXT(ACS!B12,"0%") | C28: =ACS!B13
A29: Potencia bombas de calor | B29: =ACS!B17 | C29: kW
A30: Volumen de acumulación ACS | B30: =ACS!B18 | C30: l
A33: Hipótesis pendientes de confirmar (celdas amarillas): coeficientes UNE hotel (Datos), K de elementos singulares (Datos), SCOP y T agua fría (ACS), ocupación 2 pers/hab.

Sheet Datos
A1: TRABAJO INSTALACIONES DE FLUIDOS 2026-27 · EQUIPO 48 · Hotel 3*
A2: Leyenda: texto azul = dato de entrada (editable) · negro = fórmula · fondo amarillo = hipótesis a confirmar con el tutor
A4: Parámetro | B4: Valor | C4: Unidad | D4: Fuente / nota
A5: Equipo | B5: 48 | D5: Enunciado, Anexo I
A6: Tipo de suministro | B6: Mixto (DIR+ALJ) | D6: Enunciado, Anexo I
A7: Presión de red (a cota calzada 0,00) | B7: 40 | C7: mca | D7: Enunciado, Anexo I
A8: Plantas por encima de PB | B8: 11 | D8: Enunciado, Anexo I
A9: Emplazamiento | B9: Barcelona | D9: Enunciado, Anexo I
A10: Acometidas | B10: Este/Oeste | D10: Enunciado, Anexo I
A11: Cota calzada | B11: 0 | C11: m | D11: Plano esquema vertical
A12: Cota solera PB | B12: 0.3 | C12: m | D12: Enunciado cond. 6
A13: Altura PB (solera PB a solera P1) | B13: 4.1 | C13: m | D13: Enunciado cond. 6
A14: Altura planta tipo (solera a solera) | B14: 3.3 | C14: m | D14: Enunciado cond. 6
A15: Altura conexión aparatos sobre solera | B15: 0.6 | C15: m | D15: Enunciado cond. 32
A16: Cota solera sótano | B16: -2.2 | C16: m | D16: Esquema vertical DWG: cota 2,198 m bajo calzada 0,00 (rampa 12 m al 18 % = 2,16 m)
A17: Mayoración longitudes (f L-eq) | B17: 1.3 | D17: Enunciado cond. 33
A18: Presión mínima en grifo | B18: 10 | C18: mca | D18: CTE DB-HS4 2.1.3
A19: Presión máxima en grifo | B19: 50 | C19: mca | D19: CTE DB-HS4 2.1.3
A20: Diferencial calderín (BVF) Δp | B20: 20 | C20: mca | D20: Procedimiento diseño UPV
A23: Simultaneidad UNE 149201 · Hoteles, discotecas, museos: Qc = A·Qt^B + C (l/s)
A24: Rango | B24: A | C24: B | D24: C
A25: Qt ≤ 20 l/s | B25: 0.698 | C25: 0.5 | D25: -0.12
A26: Qt > 20 l/s | B26: 1 | C26: 0.366 | D26: 0
A29: Caudales instantáneos mínimos · CTE DB-HS4 Tabla 2.1
A30: Aparato | B30: Q AF (l/s) | C30: Q ACS (l/s) | D30: Nota
A31: Lavabo | B31: 0.1 | C31: 0.065
A32: Ducha | B32: 0.2 | C32: 0.1
A33: Bañera ≥ 1,40 m | B33: 0.3 | C33: 0.2 | D33: Bañeras del hotel ≈1,70 m (medido en DWG)
A34: Bidé | B34: 0.1 | C34: 0.065
A35: Inodoro con cisterna | B35: 0.1 | C35: 0
A36: Urinario con cisterna | B36: 0.04 | C36: 0
A37: Fregadero no doméstico | B37: 0.3 | C37: 0.2
A38: Lavavajillas industrial (20 serv.) | B38: 0.25 | C38: 0.2 | D38: Bitérmico (enunciado cond. 15)
A39: Vertedero | B39: 0.2 | C39: 0
A40: Grifo garaje / limpieza | B40: 0.2 | C40: 0
A43: Parámetros hidráulicos y cotas de cálculo | F43: Coeficientes K de elementos singulares (HIPÓTESIS hasta tener la tabla del profesor)
A44: Parámetro | B44: Valor | C44: Unidad | D44: Fuente / nota | F44: Elemento | G44: K
A45: Gravedad g | B45: 9.81 | C45: m/s² | F45: Llave de corte / aislamiento (bola) | G45: 0.3
A46: Viscosidad cinemática AF (20 ºC) | B46: 1.004e-06 | C46: m²/s | D46: Propiedades del agua | F46: Válvula de retención | G46: 2.5
A47: Viscosidad cinemática ACS (60 ºC) | B47: 4.74e-07 | C47: m²/s | D47: Propiedades del agua | F47: Filtro | G47: 5
A48: Rugosidad absoluta tubos plásticos/multicapa ε | B48: 7e-06 | C48: m | D48: Valor típico tubería plástica | F48: Contador | G48: 10
A49: Cota de la red general (presión de red referida a calzada) | B49: 0 | C49: m | D49: Enunciado cond. 23 | F49: Llave de escuadra en aparato | G49: 2
A50: Cota del calderín / colector del grupo de bombeo | B50: -1.2 | C50: m | D50: Cuarto AF en sótano (solera −2,20) | F50: Acumulador ACS (entrada+salida) | G50: 3
A51: Cota mínima de lámina en aljibe (aspiración) | B51: -2 | C51: m | D51: Solera sótano −2,20 + 0,20 resguardo | F51: Retención + llave base montante | G51: 2.8
A52: Cota válvula reductora ACS baja (cuarto ACS) | B52: -1.2 | C52: m | D52: Cuarto ACS en sótano
A53: Pérdidas en el propio grupo (aspiración + valvulería) estimadas | B53: 2 | C53: mca | D53: HIPÓTESIS: comprobar con modelo de bomba elegido
A54: Rendimiento bomba | B54: 0.6 | D54: Enunciado Anexo II
A55: Rendimiento motor | B55: 0.9 | D55: Enunciado Anexo II
A56: Rendimiento variador | B56: 0.95 | D56: Enunciado Anexo II
A57: Volumen calderín BVV por estación | B57: 150 | C57: l | D57: Enunciado cond. 29
A58: Tiempo de reserva aljibe | B58: 20 | C58: min | D58: CTE HS4 (15-20 min)

Sheet Locales
A1: Aparatos por tipo de local (contados sobre el DWG HOTEL_Trabajo_2026-27)
A3: Local | B3: Lavabo | C3: Ducha | D3: Bañera ≥ 1,40 m | E3: Bidé | F3: Inodoro con cisterna | G3: Urinario con cisterna | H3: Fregadero no doméstico | I3: Lavavajillas industrial (20 serv.) | J3: Vertedero | K3: Grifo garaje / limpieza | L3: Qt AF (l/s) | M3: Qt ACS (l/s) | N3: Qt AF+ACS (l/s) | O3: Observaciones
A4: Habitación estándar | B4: 1 | C4: 0 | D4: 1 | E4: 1 | F4: 1 | G4: 0 | H4: 0 | I4: 0 | J4: 0 | K4: 0 | L4: =B4*Datos!$B$31+C4*Datos!$B$32+D4*Datos!$B$33+E4*Datos!$B$34+F4*Datos!$B$35+G4*Datos!$B$36+H4*Datos!$B$37+I4*Datos!$B$38+J4*Datos!$B$39+K4*Datos!$B$40 | M4: =B4*Datos!$C$31+C4*Datos!$C$32+D4*Datos!$C$33+E4*Datos!$C$34+F4*Datos!$C$35+G4*Datos!$C$36+H4*Datos!$C$37+I4*Datos!$C$38+J4*Datos!$C$39+K4*Datos!$C$40 | N4: =L4+M4 | O4: 24 por planta tipo, 5 en PB
A5: Habitación adaptada | B5: 1 | C5: 1 | D5: 0 | E5: 0 | F5: 1 | G5: 0 | H5: 0 | I5: 0 | J5: 0 | K5: 0 | L5: =B5*Datos!$B$31+C5*Datos!$B$32+D5*Datos!$B$33+E5*Datos!$B$34+F5*Datos!$B$35+G5*Datos!$B$36+H5*Datos!$B$37+I5*Datos!$B$38+J5*Datos!$B$39+K5*Datos!$B$40 | M5: =B5*Datos!$C$31+C5*Datos!$C$32+D5*Datos!$C$33+E5*Datos!$C$34+F5*Datos!$C$35+G5*Datos!$C$36+H5*Datos!$C$37+I5*Datos!$C$38+J5*Datos!$C$39+K5*Datos!$C$40 | N5: =L5+M5 | O5: Ducha a ras de suelo con sumidero. 2 por planta tipo, 2 en PB (004, 006)
A6: Oficio de planta (21) | B6: 0 | C6: 0 | D6: 0 | E6: 0 | F6: 0 | G6: 0 | H6: 1 | I6: 0 | J6: 1 | K6: 0 | L6: =B6*Datos!$B$31+C6*Datos!$B$32+D6*Datos!$B$33+E6*Datos!$B$34+F6*Datos!$B$35+G6*Datos!$B$36+H6*Datos!$B$37+I6*Datos!$B$38+J6*Datos!$B$39+K6*Datos!$B$40 | M6: =B6*Datos!$C$31+C6*Datos!$C$32+D6*Datos!$C$33+E6*Datos!$C$34+F6*Datos!$C$35+G6*Datos!$C$36+H6*Datos!$C$37+I6*Datos!$C$38+J6*Datos!$C$39+K6*Datos!$C$40 | N6: =L6+M6 | O6: Leyenda: fregadero + vertedero
A7: Aseo público hombres (8) | B7: 2 | C7: 0 | D7: 0 | E7: 0 | F7: 2 | G7: 2 | H7: 0 | I7: 0 | J7: 0 | K7: 0 | L7: =B7*Datos!$B$31+C7*Datos!$B$32+D7*Datos!$B$33+E7*Datos!$B$34+F7*Datos!$B$35+G7*Datos!$B$36+H7*Datos!$B$37+I7*Datos!$B$38+J7*Datos!$B$39+K7*Datos!$B$40 | M7: =B7*Datos!$C$31+C7*Datos!$C$32+D7*Datos!$C$33+E7*Datos!$C$34+F7*Datos!$C$35+G7*Datos!$C$36+H7*Datos!$C$37+I7*Datos!$C$38+J7*Datos!$C$39+K7*Datos!$C$40 | N7: =L7+M7 | O7: 2 urinarios dibujados en el aseo derecho
A8: Aseo público mujeres (8) | B8: 2 | C8: 0 | D8: 0 | E8: 0 | F8: 2 | G8: 0 | H8: 0 | I8: 0 | J8: 0 | K8: 0 | L8: =B8*Datos!$B$31+C8*Datos!$B$32+D8*Datos!$B$33+E8*Datos!$B$34+F8*Datos!$B$35+G8*Datos!$B$36+H8*Datos!$B$37+I8*Datos!$B$38+J8*Datos!$B$39+K8*Datos!$B$40 | M8: =B8*Datos!$C$31+C8*Datos!$C$32+D8*Datos!$C$33+E8*Datos!$C$34+F8*Datos!$C$35+G8*Datos!$C$36+H8*Datos!$C$37+I8*Datos!$C$38+J8*Datos!$C$39+K8*Datos!$C$40 | N8: =L8+M8
A9: Vestuario hombres (23) | B9: 2 | C9: 1 | D9: 0 | E9: 0 | F9: 1 | G9: 0 | H9: 0 | I9: 0 | J9: 0 | K9: 0 | L9: =B9*Datos!$B$31+C9*Datos!$B$32+D9*Datos!$B$33+E9*Datos!$B$34+F9*Datos!$B$35+G9*Datos!$B$36+H9*Datos!$B$37+I9*Datos!$B$38+J9*Datos!$B$39+K9*Datos!$B$40 | M9: =B9*Datos!$C$31+C9*Datos!$C$32+D9*Datos!$C$33+E9*Datos!$C$34+F9*Datos!$C$35+G9*Datos!$C$36+H9*Datos!$C$37+I9*Datos!$C$38+J9*Datos!$C$39+K9*Datos!$C$40 | N9: =L9+M9 | O9: Leyenda: inodoro + ducha + lavabos
A10: Vestuario mujeres (23) | B10: 2 | C10: 1 | D10: 0 | E10: 0 | F10: 1 | G10: 0 | H10: 0 | I10: 0 | J10: 0 | K10: 0 | L10: =B10*Datos!$B$31+C10*Datos!$B$32+D10*Datos!$B$33+E10*Datos!$B$34+F10*Datos!$B$35+G10*Datos!$B$36+H10*Datos!$B$37+I10*Datos!$B$38+J10*Datos!$B$39+K10*Datos!$B$40 | M10: =B10*Datos!$C$31+C10*Datos!$C$32+D10*Datos!$C$33+E10*Datos!$C$34+F10*Datos!$C$35+G10*Datos!$C$36+H10*Datos!$C$37+I10*Datos!$C$38+J10*Datos!$C$39+K10*Datos!$C$40 | N10: =L10+M10
A11: Barra (4) | B11: 0 | C11: 0 | D11: 0 | E11: 0 | F11: 0 | G11: 0 | H11: 1 | I11: 1 | J11: 0 | K11: 0 | L11: =B11*Datos!$B$31+C11*Datos!$B$32+D11*Datos!$B$33+E11*Datos!$B$34+F11*Datos!$B$35+G11*Datos!$B$36+H11*Datos!$B$37+I11*Datos!$B$38+J11*Datos!$B$39+K11*Datos!$B$40 | M11: =B11*Datos!$C$31+C11*Datos!$C$32+D11*Datos!$C$33+E11*Datos!$C$34+F11*Datos!$C$35+G11*Datos!$C$36+H11*Datos!$C$37+I11*Datos!$C$38+J11*Datos!$C$39+K11*Datos!$C$40 | N11: =L11+M11 | O11: Leyenda: fregadero + lavavajillas
A12: Cocina (15) | B12: 0 | C12: 0 | D12: 0 | E12: 0 | F12: 0 | G12: 0 | H12: 1 | I12: 2 | J12: 0 | K12: 0 | L12: =B12*Datos!$B$31+C12*Datos!$B$32+D12*Datos!$B$33+E12*Datos!$B$34+F12*Datos!$B$35+G12*Datos!$B$36+H12*Datos!$B$37+I12*Datos!$B$38+J12*Datos!$B$39+K12*Datos!$B$40 | M12: =B12*Datos!$C$31+C12*Datos!$C$32+D12*Datos!$C$33+E12*Datos!$C$34+F12*Datos!$C$35+G12*Datos!$C$36+H12*Datos!$C$37+I12*Datos!$C$38+J12*Datos!$C$39+K12*Datos!$C$40 | N12: =L12+M12 | O12: Leyenda: 2 lavavajillas + fregadero
A13: Cuarto frío (17) | B13: 0 | C13: 0 | D13: 0 | E13: 0 | F13: 0 | G13: 0 | H13: 1 | I13: 0 | J13: 0 | K13: 0 | L13: =B13*Datos!$B$31+C13*Datos!$B$32+D13*Datos!$B$33+E13*Datos!$B$34+F13*Datos!$B$35+G13*Datos!$B$36+H13*Datos!$B$37+I13*Datos!$B$38+J13*Datos!$B$39+K13*Datos!$B$40 | M13: =B13*Datos!$C$31+C13*Datos!$C$32+D13*Datos!$C$33+E13*Datos!$C$34+F13*Datos!$C$35+G13*Datos!$C$36+H13*Datos!$C$37+I13*Datos!$C$38+J13*Datos!$C$39+K13*Datos!$C$40 | N13: =L13+M13 | O13: Leyenda: fregadero
A14: Cuarto de basuras (19) | B14: 0 | C14: 0 | D14: 0 | E14: 0 | F14: 0 | G14: 0 | H14: 0 | I14: 0 | J14: 0 | K14: 1 | L14: =B14*Datos!$B$31+C14*Datos!$B$32+D14*Datos!$B$33+E14*Datos!$B$34+F14*Datos!$B$35+G14*Datos!$B$36+H14*Datos!$B$37+I14*Datos!$B$38+J14*Datos!$B$39+K14*Datos!$B$40 | M14: =B14*Datos!$C$31+C14*Datos!$C$32+D14*Datos!$C$33+E14*Datos!$C$34+F14*Datos!$C$35+G14*Datos!$C$36+H14*Datos!$C$37+I14*Datos!$C$38+J14*Datos!$C$39+K14*Datos!$C$40 | N14: =L14+M14 | O14: HIPÓTESIS: grifo de limpieza (no dibujado)
A15: Garaje sótano | B15: 0 | C15: 0 | D15: 0 | E15: 0 | F15: 0 | G15: 0 | H15: 0 | I15: 0 | J15: 0 | K15: 1 | L15: =B15*Datos!$B$31+C15*Datos!$B$32+D15*Datos!$B$33+E15*Datos!$B$34+F15*Datos!$B$35+G15*Datos!$B$36+H15*Datos!$B$37+I15*Datos!$B$38+J15*Datos!$B$39+K15*Datos!$B$40 | M15: =B15*Datos!$C$31+C15*Datos!$C$32+D15*Datos!$C$33+E15*Datos!$C$34+F15*Datos!$C$35+G15*Datos!$C$36+H15*Datos!$C$37+I15*Datos!$C$38+J15*Datos!$C$39+K15*Datos!$C$40 | N15: =L15+M15 | O15: HIPÓTESIS: grifo de limpieza (cond. 21: recogida de aguas en sótano)

Sheet Plantas
A1: Inventario por planta, caudales y simultaneidad (UNE 149201)
A3: Planta | B3: Nº | C3: Habitación estándar | D3: Habitación adaptada | E3: Oficio de planta (21) | F3: Aseo público hombres (8) | G3: Aseo público mujeres (8) | H3: Vestuario hombres (23) | I3: Vestuario mujeres (23) | J3: Barra (4) | K3: Cocina (15) | L3: Cuarto frío (17) | M3: Cuarto de basuras (19) | N3: Garaje sótano | O3: Cota solera (m) | P3: Cota grifo (m) | Q3: Qt AF (l/s) | R3: Qt ACS (l/s) | S3: Qt AF+ACS (l/s) | T3: Qc AF planta (l/s) | U3: Qc ACS planta (l/s) | V3: Qt AF acumulado desde cubierta | W3: Qc AF acumulado (montante) (l/s)
A4: Sótano | B4: -1 | C4: 0 | D4: 0 | E4: 0 | F4: 0 | G4: 0 | H4: 0 | I4: 0 | J4: 0 | K4: 0 | L4: 0 | M4: 0 | N4: 1 | O4: =Datos!$B$16 | P4: =O4+Datos!$B$15 | Q4: =C4*Locales!$L$4+D4*Locales!$L$5+E4*Locales!$L$6+F4*Locales!$L$7+G4*Locales!$L$8+H4*Locales!$L$9+I4*Locales!$L$10+J4*Locales!$L$11+K4*Locales!$L$12+L4*Locales!$L$13+M4*Locales!$L$14+N4*Locales!$L$15 | R4: =C4*Locales!$M$4+D4*Locales!$M$5+E4*Locales!$M$6+F4*Locales!$M$7+G4*Locales!$M$8+H4*Locales!$M$9+I4*Locales!$M$10+J4*Locales!$M$11+K4*Locales!$M$12+L4*Locales!$M$13+M4*Locales!$M$14+N4*Locales!$M$15 | S4: =Q4+R4 | T4: =IF(Q4<=0,0,MIN(Q4,IF(Q4<=20,Datos!$B$25*Q4^Datos!$C$25+Datos!$D$25,Datos!$B$26*Q4^Datos!$C$26+Datos!$D$26))) | U4: =IF(R4<=0,0,MIN(R4,IF(R4<=20,Datos!$B$25*R4^Datos!$C$25+Datos!$D$25,Datos!$B$26*R4^Datos!$C$26+Datos!$D$26))) | V4: =SUM(Q4:Q$16) | W4: =IF(V4<=0,0,MIN(V4,IF(V4<=20,Datos!$B$25*V4^Datos!$C$25+Datos!$D$25,Datos!$B$26*V4^Datos!$C$26+Datos!$D$26)))
A5: Planta baja | B5: 0 | C5: 5 | D5: 2 | E5: 1 | F5: 1 | G5: 1 | H5: 1 | I5: 1 | J5: 1 | K5: 1 | L5: 1 | M5: 1 | N5: 0 | O5: =Datos!$B$12 | P5: =O5+Datos!$B$15 | Q5: =C5*Locales!$L$4+D5*Locales!$L$5+E5*Locales!$L$6+F5*Locales!$L$7+G5*Locales!$L$8+H5*Locales!$L$9+I5*Locales!$L$10+J5*Locales!$L$11+K5*Locales!$L$12+L5*Locales!$L$13+M5*Locales!$L$14+N5*Locales!$L$15 | R5: =C5*Locales!$M$4+D5*Locales!$M$5+E5*Locales!$M$6+F5*Locales!$M$7+G5*Locales!$M$8+H5*Locales!$M$9+I5*Locales!$M$10+J5*Locales!$M$11+K5*Locales!$M$12+L5*Locales!$M$13+M5*Locales!$M$14+N5*Locales!$M$15 | S5: =Q5+R5 | T5: =IF(Q5<=0,0,MIN(Q5,IF(Q5<=20,Datos!$B$25*Q5^Datos!$C$25+Datos!$D$25,Datos!$B$26*Q5^Datos!$C$26+Datos!$D$26))) | U5: =IF(R5<=0,0,MIN(R5,IF(R5<=20,Datos!$B$25*R5^Datos!$C$25+Datos!$D$25,Datos!$B$26*R5^Datos!$C$26+Datos!$D$26))) | V5: =SUM(Q5:Q$16) | W5: =IF(V5<=0,0,MIN(V5,IF(V5<=20,Datos!$B$25*V5^Datos!$C$25+Datos!$D$25,Datos!$B$26*V5^Datos!$C$26+Datos!$D$26)))
A6: Planta 1 | B6: 1 | C6: 24 | D6: 2 | E6: 1 | F6: 0 | G6: 0 | H6: 0 | I6: 0 | J6: 0 | K6: 0 | L6: 0 | M6: 0 | N6: 0 | O6: =Datos!$B$12+Datos!$B$13+(B6-1)*Datos!$B$14 | P6: =O6+Datos!$B$15 | Q6: =C6*Locales!$L$4+D6*Locales!$L$5+E6*Locales!$L$6+F6*Locales!$L$7+G6*Locales!$L$8+H6*Locales!$L$9+I6*Locales!$L$10+J6*Locales!$L$11+K6*Locales!$L$12+L6*Locales!$L$13+M6*Locales!$L$14+N6*Locales!$L$15 | R6: =C6*Locales!$M$4+D6*Locales!$M$5+E6*Locales!$M$6+F6*Locales!$M$7+G6*Locales!$M$8+H6*Locales!$M$9+I6*Locales!$M$10+J6*Locales!$M$11+K6*Locales!$M$12+L6*Locales!$M$13+M6*Locales!$M$14+N6*Locales!$M$15 | S6: =Q6+R6 | T6: =IF(Q6<=0,0,MIN(Q6,IF(Q6<=20,Datos!$B$25*Q6^Datos!$C$25+Datos!$D$25,Datos!$B$26*Q6^Datos!$C$26+Datos!$D$26))) | U6: =IF(R6<=0,0,MIN(R6,IF(R6<=20,Datos!$B$25*R6^Datos!$C$25+Datos!$D$25,Datos!$B$26*R6^Datos!$C$26+Datos!$D$26))) | V6: =SUM(Q6:Q$16) | W6: =IF(V6<=0,0,MIN(V6,IF(V6<=20,Datos!$B$25*V6^Datos!$C$25+Datos!$D$25,Datos!$B$26*V6^Datos!$C$26+Datos!$D$26)))
A7: Planta 2 | B7: 2 | C7: 24 | D7: 2 | E7: 1 | F7: 0 | G7: 0 | H7: 0 | I7: 0 | J7: 0 | K7: 0 | L7: 0 | M7: 0 | N7: 0 | O7: =Datos!$B$12+Datos!$B$13+(B7-1)*Datos!$B$14 | P7: =O7+Datos!$B$15 | Q7: =C7*Locales!$L$4+D7*Locales!$L$5+E7*Locales!$L$6+F7*Locales!$L$7+G7*Locales!$L$8+H7*Locales!$L$9+I7*Locales!$L$10+J7*Locales!$L$11+K7*Locales!$L$12+L7*Locales!$L$13+M7*Locales!$L$14+N7*Locales!$L$15 | R7: =C7*Locales!$M$4+D7*Locales!$M$5+E7*Locales!$M$6+F7*Locales!$M$7+G7*Locales!$M$8+H7*Locales!$M$9+I7*Locales!$M$10+J7*Locales!$M$11+K7*Locales!$M$12+L7*Locales!$M$13+M7*Locales!$M$14+N7*Locales!$M$15 | S7: =Q7+R7 | T7: =IF(Q7<=0,0,MIN(Q7,IF(Q7<=20,Datos!$B$25*Q7^Datos!$C$25+Datos!$D$25,Datos!$B$26*Q7^Datos!$C$26+Datos!$D$26))) | U7: =IF(R7<=0,0,MIN(R7,IF(R7<=20,Datos!$B$25*R7^Datos!$C$25+Datos!$D$25,Datos!$B$26*R7^Datos!$C$26+Datos!$D$26))) | V7: =SUM(Q7:Q$16) | W7: =IF(V7<=0,0,MIN(V7,IF(V7<=20,Datos!$B$25*V7^Datos!$C$25+Datos!$D$25,Datos!$B$26*V7^Datos!$C$26+Datos!$D$26)))
A8: Planta 3 | B8: 3 | C8: 24 | D8: 2 | E8: 1 | F8: 0 | G8: 0 | H8: 0 | I8: 0 | J8: 0 | K8: 0 | L8: 0 | M8: 0 | N8: 0 | O8: =Datos!$B$12+Datos!$B$13+(B8-1)*Datos!$B$14 | P8: =O8+Datos!$B$15 | Q8: =C8*Locales!$L$4+D8*Locales!$L$5+E8*Locales!$L$6+F8*Locales!$L$7+G8*Locales!$L$8+H8*Locales!$L$9+I8*Locales!$L$10+J8*Locales!$L$11+K8*Locales!$L$12+L8*Locales!$L$13+M8*Locales!$L$14+N8*Locales!$L$15 | R8: =C8*Locales!$M$4+D8*Locales!$M$5+E8*Locales!$M$6+F8*Locales!$M$7+G8*Locales!$M$8+H8*Locales!$M$9+I8*Locales!$M$10+J8*Locales!$M$11+K8*Locales!$M$12+L8*Locales!$M$13+M8*Locales!$M$14+N8*Locales!$M$15 | S8: =Q8+R8 | T8: =IF(Q8<=0,0,MIN(Q8,IF(Q8<=20,Datos!$B$25*Q8^Datos!$C$25+Datos!$D$25,Datos!$B$26*Q8^Datos!$C$26+Datos!$D$26))) | U8: =IF(R8<=0,0,MIN(R8,IF(R8<=20,Datos!$B$25*R8^Datos!$C$25+Datos!$D$25,Datos!$B$26*R8^Datos!$C$26+Datos!$D$26))) | V8: =SUM(Q8:Q$16) | W8: =IF(V8<=0,0,MIN(V8,IF(V8<=20,Datos!$B$25*V8^Datos!$C$25+Datos!$D$25,Datos!$B$26*V8^Datos!$C$26+Datos!$D$26)))
A9: Planta 4 | B9: 4 | C9: 24 | D9: 2 | E9: 1 | F9: 0 | G9: 0 | H9: 0 | I9: 0 | J9: 0 | K9: 0 | L9: 0 | M9: 0 | N9: 0 | O9: =Datos!$B$12+Datos!$B$13+(B9-1)*Datos!$B$14 | P9: =O9+Datos!$B$15 | Q9: =C9*Locales!$L$4+D9*Locales!$L$5+E9*Locales!$L$6+F9*Locales!$L$7+G9*Locales!$L$8+H9*Locales!$L$9+I9*Locales!$L$10+J9*Locales!$L$11+K9*Locales!$L$12+L9*Locales!$L$13+M9*Locales!$L$14+N9*Locales!$L$15 | R9: =C9*Locales!$M$4+D9*Locales!$M$5+E9*Locales!$M$6+F9*Locales!$M$7+G9*Locales!$M$8+H9*Locales!$M$9+I9*Locales!$M$10+J9*Locales!$M$11+K9*Locales!$M$12+L9*Locales!$M$13+M9*Locales!$M$14+N9*Locales!$M$15 | S9: =Q9+R9 | T9: =IF(Q9<=0,0,MIN(Q9,IF(Q9<=20,Datos!$B$25*Q9^Datos!$C$25+Datos!$D$25,Datos!$B$26*Q9^Datos!$C$26+Datos!$D$26))) | U9: =IF(R9<=0,0,MIN(R9,IF(R9<=20,Datos!$B$25*R9^Datos!$C$25+Datos!$D$25,Datos!$B$26*R9^Datos!$C$26+Datos!$D$26))) | V9: =SUM(Q9:Q$16) | W9: =IF(V9<=0,0,MIN(V9,IF(V9<=20,Datos!$B$25*V9^Datos!$C$25+Datos!$D$25,Datos!$B$26*V9^Datos!$C$26+Datos!$D$26)))
A10: Planta 5 | B10: 5 | C10: 24 | D10: 2 | E10: 1 | F10: 0 | G10: 0 | H10: 0 | I10: 0 | J10: 0 | K10: 0 | L10: 0 | M10: 0 | N10: 0 | O10: =Datos!$B$12+Datos!$B$13+(B10-1)*Datos!$B$14 | P10: =O10+Datos!$B$15 | Q10: =C10*Locales!$L$4+D10*Locales!$L$5+E10*Locales!$L$6+F10*Locales!$L$7+G10*Locales!$L$8+H10*Locales!$L$9+I10*Locales!$L$10+J10*Locales!$L$11+K10*Locales!$L$12+L10*Locales!$L$13+M10*Locales!$L$14+N10*Locales!$L$15 | R10: =C10*Locales!$M$4+D10*Locales!$M$5+E10*Locales!$M$6+F10*Locales!$M$7+G10*Locales!$M$8+H10*Locales!$M$9+I10*Locales!$M$10+J10*Locales!$M$11+K10*Locales!$M$12+L10*Locales!$M$13+M10*Locales!$M$14+N10*Locales!$M$15 | S10: =Q10+R10 | T10: =IF(Q10<=0,0,MIN(Q10,IF(Q10<=20,Datos!$B$25*Q10^Datos!$C$25+Datos!$D$25,Datos!$B$26*Q10^Datos!$C$26+Datos!$D$26))) | U10: =IF(R10<=0,0,MIN(R10,IF(R10<=20,Datos!$B$25*R10^Datos!$C$25+Datos!$D$25,Datos!$B$26*R10^Datos!$C$26+Datos!$D$26))) | V10: =SUM(Q10:Q$16) | W10: =IF(V10<=0,0,MIN(V10,IF(V10<=20,Datos!$B$25*V10^Datos!$C$25+Datos!$D$25,Datos!$B$26*V10^Datos!$C$26+Datos!$D$26)))
A11: Planta 6 | B11: 6 | C11: 24 | D11: 2 | E11: 1 | F11: 0 | G11: 0 | H11: 0 | I11: 0 | J11: 0 | K11: 0 | L11: 0 | M11: 0 | N11: 0 | O11: =Datos!$B$12+Datos!$B$13+(B11-1)*Datos!$B$14 | P11: =O11+Datos!$B$15 | Q11: =C11*Locales!$L$4+D11*Locales!$L$5+E11*Locales!$L$6+F11*Locales!$L$7+G11*Locales!$L$8+H11*Locales!$L$9+I11*Locales!$L$10+J11*Locales!$L$11+K11*Locales!$L$12+L11*Locales!$L$13+M11*Locales!$L$14+N11*Locales!$L$15 | R11: =C11*Locales!$M$4+D11*Locales!$M$5+E11*Locales!$M$6+F11*Locales!$M$7+G11*Locales!$M$8+H11*Locales!$M$9+I11*Locales!$M$10+J11*Locales!$M$11+K11*Locales!$M$12+L11*Locales!$M$13+M11*Locales!$M$14+N11*Locales!$M$15 | S11: =Q11+R11 | T11: =IF(Q11<=0,0,MIN(Q11,IF(Q11<=20,Datos!$B$25*Q11^Datos!$C$25+Datos!$D$25,Datos!$B$26*Q11^Datos!$C$26+Datos!$D$26))) | U11: =IF(R11<=0,0,MIN(R11,IF(R11<=20,Datos!$B$25*R11^Datos!$C$25+Datos!$D$25,Datos!$B$26*R11^Datos!$C$26+Datos!$D$26))) | V11: =SUM(Q11:Q$16) | W11: =IF(V11<=0,0,MIN(V11,IF(V11<=20,Datos!$B$25*V11^Datos!$C$25+Datos!$D$25,Datos!$B$26*V11^Datos!$C$26+Datos!$D$26)))
A12: Planta 7 | B12: 7 | C12: 24 | D12: 2 | E12: 1 | F12: 0 | G12: 0 | H12: 0 | I12: 0 | J12: 0 | K12: 0 | L12: 0 | M12: 0 | N12: 0 | O12: =Datos!$B$12+Datos!$B$13+(B12-1)*Datos!$B$14 | P12: =O12+Datos!$B$15 | Q12: =C12*Locales!$L$4+D12*Locales!$L$5+E12*Locales!$L$6+F12*Locales!$L$7+G12*Locales!$L$8+H12*Locales!$L$9+I12*Locales!$L$10+J12*Locales!$L$11+K12*Locales!$L$12+L12*Locales!$L$13+M12*Locales!$L$14+N12*Locales!$L$15 | R12: =C12*Locales!$M$4+D12*Locales!$M$5+E12*Locales!$M$6+F12*Locales!$M$7+G12*Locales!$M$8+H12*Locales!$M$9+I12*Locales!$M$10+J12*Locales!$M$11+K12*Locales!$M$12+L12*Locales!$M$13+M12*Locales!$M$14+N12*Locales!$M$15 | S12: =Q12+R12 | T12: =IF(Q12<=0,0,MIN(Q12,IF(Q12<=20,Datos!$B$25*Q12^Datos!$C$25+Datos!$D$25,Datos!$B$26*Q12^Datos!$C$26+Datos!$D$26))) | U12: =IF(R12<=0,0,MIN(R12,IF(R12<=20,Datos!$B$25*R12^Datos!$C$25+Datos!$D$25,Datos!$B$26*R12^Datos!$C$26+Datos!$D$26))) | V12: =SUM(Q12:Q$16) | W12: =IF(V12<=0,0,MIN(V12,IF(V12<=20,Datos!$B$25*V12^Datos!$C$25+Datos!$D$25,Datos!$B$26*V12^Datos!$C$26+Datos!$D$26)))
A13: Planta 8 | B13: 8 | C13: 24 | D13: 2 | E13: 1 | F13: 0 | G13: 0 | H13: 0 | I13: 0 | J13: 0 | K13: 0 | L13: 0 | M13: 0 | N13: 0 | O13: =Datos!$B$12+Datos!$B$13+(B13-1)*Datos!$B$14 | P13: =O13+Datos!$B$15 | Q13: =C13*Locales!$L$4+D13*Locales!$L$5+E13*Locales!$L$6+F13*Locales!$L$7+G13*Locales!$L$8+H13*Locales!$L$9+I13*Locales!$L$10+J13*Locales!$L$11+K13*Locales!$L$12+L13*Locales!$L$13+M13*Locales!$L$14+N13*Locales!$L$15 | R13: =C13*Locales!$M$4+D13*Locales!$M$5+E13*Locales!$M$6+F13*Locales!$M$7+G13*Locales!$M$8+H13*Locales!$M$9+I13*Locales!$M$10+J13*Locales!$M$11+K13*Locales!$M$12+L13*Locales!$M$13+M13*Locales!$M$14+N13*Locales!$M$15 | S13: =Q13+R13 | T13: =IF(Q13<=0,0,MIN(Q13,IF(Q13<=20,Datos!$B$25*Q13^Datos!$C$25+Datos!$D$25,Datos!$B$26*Q13^Datos!$C$26+Datos!$D$26))) | U13: =IF(R13<=0,0,MIN(R13,IF(R13<=20,Datos!$B$25*R13^Datos!$C$25+Datos!$D$25,Datos!$B$26*R13^Datos!$C$26+Datos!$D$26))) | V13: =SUM(Q13:Q$16) | W13: =IF(V13<=0,0,MIN(V13,IF(V13<=20,Datos!$B$25*V13^Datos!$C$25+Datos!$D$25,Datos!$B$26*V13^Datos!$C$26+Datos!$D$26)))
A14: Planta 9 | B14: 9 | C14: 24 | D14: 2 | E14: 1 | F14: 0 | G14: 0 | H14: 0 | I14: 0 | J14: 0 | K14: 0 | L14: 0 | M14: 0 | N14: 0 | O14: =Datos!$B$12+Datos!$B$13+(B14-1)*Datos!$B$14 | P14: =O14+Datos!$B$15 | Q14: =C14*Locales!$L$4+D14*Locales!$L$5+E14*Locales!$L$6+F14*Locales!$L$7+G14*Locales!$L$8+H14*Locales!$L$9+I14*Locales!$L$10+J14*Locales!$L$11+K14*Locales!$L$12+L14*Locales!$L$13+M14*Locales!$L$14+N14*Locales!$L$15 | R14: =C14*Locales!$M$4+D14*Locales!$M$5+E14*Locales!$M$6+F14*Locales!$M$7+G14*Locales!$M$8+H14*Locales!$M$9+I14*Locales!$M$10+J14*Locales!$M$11+K14*Locales!$M$12+L14*Locales!$M$13+M14*Locales!$M$14+N14*Locales!$M$15 | S14: =Q14+R14 | T14: =IF(Q14<=0,0,MIN(Q14,IF(Q14<=20,Datos!$B$25*Q14^Datos!$C$25+Datos!$D$25,Datos!$B$26*Q14^Datos!$C$26+Datos!$D$26))) | U14: =IF(R14<=0,0,MIN(R14,IF(R14<=20,Datos!$B$25*R14^Datos!$C$25+Datos!$D$25,Datos!$B$26*R14^Datos!$C$26+Datos!$D$26))) | V14: =SUM(Q14:Q$16) | W14: =IF(V14<=0,0,MIN(V14,IF(V14<=20,Datos!$B$25*V14^Datos!$C$25+Datos!$D$25,Datos!$B$26*V14^Datos!$C$26+Datos!$D$26)))
A15: Planta 10 | B15: 10 | C15: 24 | D15: 2 | E15: 1 | F15: 0 | G15: 0 | H15: 0 | I15: 0 | J15: 0 | K15: 0 | L15: 0 | M15: 0 | N15: 0 | O15: =Datos!$B$12+Datos!$B$13+(B15-1)*Datos!$B$14 | P15: =O15+Datos!$B$15 | Q15: =C15*Locales!$L$4+D15*Locales!$L$5+E15*Locales!$L$6+F15*Locales!$L$7+G15*Locales!$L$8+H15*Locales!$L$9+I15*Locales!$L$10+J15*Locales!$L$11+K15*Locales!$L$12+L15*Locales!$L$13+M15*Locales!$L$14+N15*Locales!$L$15 | R15: =C15*Locales!$M$4+D15*Locales!$M$5+E15*Locales!$M$6+F15*Locales!$M$7+G15*Locales!$M$8+H15*Locales!$M$9+I15*Locales!$M$10+J15*Locales!$M$11+K15*Locales!$M$12+L15*Locales!$M$13+M15*Locales!$M$14+N15*Locales!$M$15 | S15: =Q15+R15 | T15: =IF(Q15<=0,0,MIN(Q15,IF(Q15<=20,Datos!$B$25*Q15^Datos!$C$25+Datos!$D$25,Datos!$B$26*Q15^Datos!$C$26+Datos!$D$26))) | U15: =IF(R15<=0,0,MIN(R15,IF(R15<=20,Datos!$B$25*R15^Datos!$C$25+Datos!$D$25,Datos!$B$26*R15^Datos!$C$26+Datos!$D$26))) | V15: =SUM(Q15:Q$16) | W15: =IF(V15<=0,0,MIN(V15,IF(V15<=20,Datos!$B$25*V15^Datos!$C$25+Datos!$D$25,Datos!$B$26*V15^Datos!$C$26+Datos!$D$26)))
A16: Planta 11 | B16: 11 | C16: 24 | D16: 2 | E16: 1 | F16: 0 | G16: 0 | H16: 0 | I16: 0 | J16: 0 | K16: 0 | L16: 0 | M16: 0 | N16: 0 | O16: =Datos!$B$12+Datos!$B$13+(B16-1)*Datos!$B$14 | P16: =O16+Datos!$B$15 | Q16: =C16*Locales!$L$4+D16*Locales!$L$5+E16*Locales!$L$6+F16*Locales!$L$7+G16*Locales!$L$8+H16*Locales!$L$9+I16*Locales!$L$10+J16*Locales!$L$11+K16*Locales!$L$12+L16*Locales!$L$13+M16*Locales!$L$14+N16*Locales!$L$15 | R16: =C16*Locales!$M$4+D16*Locales!$M$5+E16*Locales!$M$6+F16*Locales!$M$7+G16*Locales!$M$8+H16*Locales!$M$9+I16*Locales!$M$10+J16*Locales!$M$11+K16*Locales!$M$12+L16*Locales!$M$13+M16*Locales!$M$14+N16*Locales!$M$15 | S16: =Q16+R16 | T16: =IF(Q16<=0,0,MIN(Q16,IF(Q16<=20,Datos!$B$25*Q16^Datos!$C$25+Datos!$D$25,Datos!$B$26*Q16^Datos!$C$26+Datos!$D$26))) | U16: =IF(R16<=0,0,MIN(R16,IF(R16<=20,Datos!$B$25*R16^Datos!$C$25+Datos!$D$25,Datos!$B$26*R16^Datos!$C$26+Datos!$D$26))) | V16: =SUM(Q16:Q$16) | W16: =IF(V16<=0,0,MIN(V16,IF(V16<=20,Datos!$B$25*V16^Datos!$C$25+Datos!$D$25,Datos!$B$26*V16^Datos!$C$26+Datos!$D$26)))
A17: TOTAL EDIFICIO | Q17: =SUM(Q4:Q16) | R17: =SUM(R4:R16) | S17: =SUM(S4:S16) | T17: =IF(Q17<=0,0,MIN(Q17,IF(Q17<=20,Datos!$B$25*Q17^Datos!$C$25+Datos!$D$25,Datos!$B$26*Q17^Datos!$C$26+Datos!$D$26))) | U17: =IF(R17<=0,0,MIN(R17,IF(R17<=20,Datos!$B$25*R17^Datos!$C$25+Datos!$D$25,Datos!$B$26*R17^Datos!$C$26+Datos!$D$26)))
A18: Qc instalación general común (AF + alimentación producción ACS): | S18: =IF(S17<=0,0,MIN(S17,IF(S17<=20,Datos!$B$25*S17^Datos!$C$25+Datos!$D$25,Datos!$B$26*S17^Datos!$C$26+Datos!$D$26)))
A19: Nota: la simultaneidad se aplica al caudal instalado acumulado de cada tramo (UNE 149201). Qc nunca supera Qt.

Sheet Escalones
A1: Predimensionado: plantas abastecibles en directo con la presión de red
A2: P grifo = P red − (z grifo − z calzada) − Σhm − j·L·fLeq (Procedimiento diseño UPV, paso 3). Valores de j, Σhm y longitudes = estimación previa al trazado.
A3: NOTA: este es el PREDIMENSIONADO inicial (paso 3 del procedimiento, con j y Σhm estimadas). El cálculo definitivo con el trazado real está en la hoja Recorridos: directo PB–P7, bombeo P8–P11.
A4: Dato | B4: Valor | C4: Unidad | D4: Nota
A5: Pendiente hidráulica de diseño j | B5: 40 | C5: mm/m | D5: HIPÓTESIS: rango 15-150 mm/m
A6: Σ pérdidas singulares (llave, filtro, contador, retención, llaves) | B6: 5 | C6: mca | D6: HIPÓTESIS: se recalcula con K reales
A7: L acometida → patinillo (incl. bajada a sótano) | B7: 20 | C7: m | D7: HIPÓTESIS: acometida por fachada OESTE, núcleo escalera 1 (medir en plano)
A8: L horizontal planta: patinillo → habitación más alejada | B8: 47 | C8: m | D8: Medido en DWG: núcleo x≈4 m a hab. extremo x≈51 m
A9: L interior habitación hasta aparato DSF | B9: 6 | C9: m | D9: HIPÓTESIS
A11: Planta | B11: Cota grifo (m) | C11: L real (m) | D11: hf = j·L·fLeq (mca) | E11: Σhm (mca) | F11: P grifo DSF (mca) | G11: ¿Directo? (≥10 mca)
A12: =Plantas!A5 | B12: =Plantas!P5 | C12: =$B$7+(B12-Datos!$B$16)+$B$8+$B$9 | D12: =$B$5/1000*C12*Datos!$B$17 | E12: =$B$6 | F12: =Datos!$B$7-(B12-Datos!$B$11)-D12-E12 | G12: =IF(F12>=Datos!$B$18,"SÍ","NO → bombeo")
A13: =Plantas!A6 | B13: =Plantas!P6 | C13: =$B$7+(B13-Datos!$B$16)+$B$8+$B$9 | D13: =$B$5/1000*C13*Datos!$B$17 | E13: =$B$6 | F13: =Datos!$B$7-(B13-Datos!$B$11)-D13-E13 | G13: =IF(F13>=Datos!$B$18,"SÍ","NO → bombeo")
A14: =Plantas!A7 | B14: =Plantas!P7 | C14: =$B$7+(B14-Datos!$B$16)+$B$8+$B$9 | D14: =$B$5/1000*C14*Datos!$B$17 | E14: =$B$6 | F14: =Datos!$B$7-(B14-Datos!$B$11)-D14-E14 | G14: =IF(F14>=Datos!$B$18,"SÍ","NO → bombeo")
A15: =Plantas!A8 | B15: =Plantas!P8 | C15: =$B$7+(B15-Datos!$B$16)+$B$8+$B$9 | D15: =$B$5/1000*C15*Datos!$B$17 | E15: =$B$6 | F15: =Datos!$B$7-(B15-Datos!$B$11)-D15-E15 | G15: =IF(F15>=Datos!$B$18,"SÍ","NO → bombeo")
A16: =Plantas!A9 | B16: =Plantas!P9 | C16: =$B$7+(B16-Datos!$B$16)+$B$8+$B$9 | D16: =$B$5/1000*C16*Datos!$B$17 | E16: =$B$6 | F16: =Datos!$B$7-(B16-Datos!$B$11)-D16-E16 | G16: =IF(F16>=Datos!$B$18,"SÍ","NO → bombeo")
A17: =Plantas!A10 | B17: =Plantas!P10 | C17: =$B$7+(B17-Datos!$B$16)+$B$8+$B$9 | D17: =$B$5/1000*C17*Datos!$B$17 | E17: =$B$6 | F17: =Datos!$B$7-(B17-Datos!$B$11)-D17-E17 | G17: =IF(F17>=Datos!$B$18,"SÍ","NO → bombeo")
A18: =Plantas!A11 | B18: =Plantas!P11 | C18: =$B$7+(B18-Datos!$B$16)+$B$8+$B$9 | D18: =$B$5/1000*C18*Datos!$B$17 | E18: =$B$6 | F18: =Datos!$B$7-(B18-Datos!$B$11)-D18-E18 | G18: =IF(F18>=Datos!$B$18,"SÍ","NO → bombeo")
A19: =Plantas!A12 | B19: =Plantas!P12 | C19: =$B$7+(B19-Datos!$B$16)+$B$8+$B$9 | D19: =$B$5/1000*C19*Datos!$B$17 | E19: =$B$6 | F19: =Datos!$B$7-(B19-Datos!$B$11)-D19-E19 | G19: =IF(F19>=Datos!$B$18,"SÍ","NO → bombeo")
A20: =Plantas!A13 | B20: =Plantas!P13 | C20: =$B$7+(B20-Datos!$B$16)+$B$8+$B$9 | D20: =$B$5/1000*C20*Datos!$B$17 | E20: =$B$6 | F20: =Datos!$B$7-(B20-Datos!$B$11)-D20-E20 | G20: =IF(F20>=Datos!$B$18,"SÍ","NO → bombeo")
A21: =Plantas!A14 | B21: =Plantas!P14 | C21: =$B$7+(B21-Datos!$B$16)+$B$8+$B$9 | D21: =$B$5/1000*C21*Datos!$B$17 | E21: =$B$6 | F21: =Datos!$B$7-(B21-Datos!$B$11)-D21-E21 | G21: =IF(F21>=Datos!$B$18,"SÍ","NO → bombeo")
A22: =Plantas!A15 | B22: =Plantas!P15 | C22: =$B$7+(B22-Datos!$B$16)+$B$8+$B$9 | D22: =$B$5/1000*C22*Datos!$B$17 | E22: =$B$6 | F22: =Datos!$B$7-(B22-Datos!$B$11)-D22-E22 | G22: =IF(F22>=Datos!$B$18,"SÍ","NO → bombeo")
A23: =Plantas!A16 | B23: =Plantas!P16 | C23: =$B$7+(B23-Datos!$B$16)+$B$8+$B$9 | D23: =$B$5/1000*C23*Datos!$B$17 | E23: =$B$6 | F23: =Datos!$B$7-(B23-Datos!$B$11)-D23-E23 | G23: =IF(F23>=Datos!$B$18,"SÍ","NO → bombeo")
A25: Plantas en directo (incluida PB): | B25: =COUNTIF(G12:G23,"SÍ")
A26: Plantas con bombeo: | B26: =COUNTIF(G12:G23,"NO*")
A28: Comprobación nº de plantas por estación con BVF (Procedimiento paso 3): Pmin + Δp calderín + Δz·NP < 50 mca
A29: NP máximo con BVF: | B29: =INT((Datos!$B$19-Datos!$B$18-Datos!$B$20)/Datos!$B$14)
A30: Límite enunciado (cond. 28): BVF ≤ 6 alturas · BVV ≤ 10 alturas por estación

Sheet Tubos
A1: Diámetros comerciales (interior). Multicapa PE-RT/Al/PE-RT PN10 a 70 ºC · PE100 SDR11 PN16 · valvulería por DN
A2: Comprobar las medidas con el catálogo comercial concreto que elijáis (multicapa: serie habitual 16…90 mm).
A3: Serie | B3: Designación | C3: Di (mm)
A4: MC | B4: MC 16x2 | C4: 12
A5: MC | B5: MC 20x2 | C5: 16
A6: MC | B6: MC 26x3 | C6: 20
A7: MC | B7: MC 32x3 | C7: 26
A8: MC | B8: MC 40x3.5 | C8: 33
A9: MC | B9: MC 50x4 | C9: 42
A10: MC | B10: MC 63x4.5 | C10: 54
A11: MC | B11: MC 75x5 | C11: 65
A12: MC | B12: MC 90x6 | C12: 78
A14: Serie | B14: Designación | C14: Di (mm)
A15: PE | B15: PE 40x3.7 | C15: 32.6
A16: PE | B16: PE 50x4.6 | C16: 40.8
A17: PE | B17: PE 63x5.8 | C17: 51.4
A18: PE | B18: PE 75x6.8 | C18: 61.4
A19: PE | B19: PE 90x8.2 | C19: 73.6
A20: PE | B20: PE 110x10 | C20: 90
A21: PE | B21: PE 125x11.4 | C21: 102.2
A23: Serie | B23: Designación | C23: Di (mm)
A24: VAL | B24: DN15 | C24: 15
A25: VAL | B25: DN20 | C25: 20
A26: VAL | B26: DN25 | C26: 25
A27: VAL | B27: DN32 | C27: 32
A28: VAL | B28: DN40 | C28: 40
A29: VAL | B29: DN50 | C29: 50
A30: VAL | B30: DN65 | C30: 65
A31: VAL | B31: DN80 | C31: 80
A32: VAL | B32: DN100 | C32: 100
A33: VAL | B33: DN125 | C33: 125

Sheet Tramos
A1: Dimensionado de tramos · Qc según UNE 149201 · Darcy-Weisbach (Swamee-Jain) · L cálculo = L real × 1,30
A2: Azul = dato (longitudes medidas en el DWG, nº de locales aguas abajo). Para forzar otro diámetro, cambia la velocidad objetivo (col. L).
A4: ID | B4: Descripción | C4: Circuito | D4: Serie | E4: Hab. estándar aguas abajo | F4: Hab. adaptadas aguas abajo | G4: Oficios aguas abajo | H4: Qt adicional (l/s) | I4: Qt (l/s) | J4: Q aparato mayor (l/s) | K4: Qc (l/s) | L4: v objetivo (m/s) | M4: D teórico (mm) | N4: Designación | O4: Di (mm) | P4: v (m/s) | Q4: L real (m) | R4: L cálculo (m) | S4: Re | T4: f | U4: hf (mca) | V4: ΣK | W4: hm (mca) | X4: hf+hm (mca)
A5: G1 | B5: Acometida: red general (fachada O) → hornacina contador | C5: AF | D5: PE | E5: 0 | F5: 0 | G5: 0 | H5: =Plantas!$S$17 | I5: =IF(C5="AF",E5*Locales!$L$4+F5*Locales!$L$5+G5*Locales!$L$6,E5*Locales!$M$4+F5*Locales!$M$5+G5*Locales!$M$6)+H5 | J5: 0 | K5: =MAX(J5,IF(I5<=0,0,MIN(I5,IF(I5<=20,Datos!$B$25*I5^Datos!$C$25+Datos!$D$25,Datos!$B$26*I5^Datos!$C$26+Datos!$D$26)))) | L5: 1.2 | M5: =SQRT(4*K5/1000/(PI()*L5))*1000 | N5: =IF(D5="MC",INDEX(Tubos!$B$4:$B$12,MIN(COUNTIF(Tubos!$C$4:$C$12,"<"&M5)+1,9)),IF(D5="PE",INDEX(Tubos!$B$15:$B$21,MIN(COUNTIF(Tubos!$C$15:$C$21,"<"&M5)+1,7)),INDEX(Tubos!$B$24:$B$33,MIN(COUNTIF(Tubos!$C$24:$C$33,"<"&M5)+1,10)))) | O5: =IF(D5="MC",INDEX(Tubos!$C$4:$C$12,MIN(COUNTIF(Tubos!$C$4:$C$12,"<"&M5)+1,9)),IF(D5="PE",INDEX(Tubos!$C$15:$C$21,MIN(COUNTIF(Tubos!$C$15:$C$21,"<"&M5)+1,7)),INDEX(Tubos!$C$24:$C$33,MIN(COUNTIF(Tubos!$C$24:$C$33,"<"&M5)+1,10)))) | P5: =K5/1000/(PI()*(O5/1000)^2/4) | Q5: 14 | R5: =Q5*Datos!$B$17 | S5: =P5*O5/1000/IF(C5="AF",Datos!$B$46,Datos!$B$47) | T5: =IF(S5<=0,0,0.25/(LOG10(Datos!$B$48/(3.7*O5/1000)+5.74/S5^0.9))^2) | U5: =IF(R5=0,0,T5*R5/(O5/1000)*P5^2/(2*Datos!$B$45)) | V5: 0.6 | W5: =V5*P5^2/(2*Datos!$B$45) | X5: =U5+W5
A6: E1 | B6: Contador general (hornacina fachada O) | C6: AF | D6: VAL | E6: 0 | F6: 0 | G6: 0 | H6: =Plantas!$S$17 | I6: =IF(C6="AF",E6*Locales!$L$4+F6*Locales!$L$5+G6*Locales!$L$6,E6*Locales!$M$4+F6*Locales!$M$5+G6*Locales!$M$6)+H6 | J6: 0 | K6: =MAX(J6,IF(I6<=0,0,MIN(I6,IF(I6<=20,Datos!$B$25*I6^Datos!$C$25+Datos!$D$25,Datos!$B$26*I6^Datos!$C$26+Datos!$D$26)))) | L6: 1 | M6: =SQRT(4*K6/1000/(PI()*L6))*1000 | N6: =IF(D6="MC",INDEX(Tubos!$B$4:$B$12,MIN(COUNTIF(Tubos!$C$4:$C$12,"<"&M6)+1,9)),IF(D6="PE",INDEX(Tubos!$B$15:$B$21,MIN(COUNTIF(Tubos!$C$15:$C$21,"<"&M6)+1,7)),INDEX(Tubos!$B$24:$B$33,MIN(COUNTIF(Tubos!$C$24:$C$33,"<"&M6)+1,10)))) | O6: =IF(D6="MC",INDEX(Tubos!$C$4:$C$12,MIN(COUNTIF(Tubos!$C$4:$C$12,"<"&M6)+1,9)),IF(D6="PE",INDEX(Tubos!$C$15:$C$21,MIN(COUNTIF(Tubos!$C$15:$C$21,"<"&M6)+1,7)),INDEX(Tubos!$C$24:$C$33,MIN(COUNTIF(Tubos!$C$24:$C$33,"<"&M6)+1,10)))) | P6: =K6/1000/(PI()*(O6/1000)^2/4) | Q6: 0 | R6: =Q6*Datos!$B$17 | S6: =P6*O6/1000/IF(C6="AF",Datos!$B$46,Datos!$B$47) | T6: =IF(S6<=0,0,0.25/(LOG10(Datos!$B$48/(3.7*O6/1000)+5.74/S6^0.9))^2) | U6: =IF(R6=0,0,T6*R6/(O6/1000)*P6^2/(2*Datos!$B$45)) | V6: 10 | W6: =V6*P6^2/(2*Datos!$B$45) | X6: =U6+W6
A7: E2 | B7: Válvula de retención general | C7: AF | D7: VAL | E7: 0 | F7: 0 | G7: 0 | H7: =Plantas!$S$17 | I7: =IF(C7="AF",E7*Locales!$L$4+F7*Locales!$L$5+G7*Locales!$L$6,E7*Locales!$M$4+F7*Locales!$M$5+G7*Locales!$M$6)+H7 | J7: 0 | K7: =MAX(J7,IF(I7<=0,0,MIN(I7,IF(I7<=20,Datos!$B$25*I7^Datos!$C$25+Datos!$D$25,Datos!$B$26*I7^Datos!$C$26+Datos!$D$26)))) | L7: 1 | M7: =SQRT(4*K7/1000/(PI()*L7))*1000 | N7: =IF(D7="MC",INDEX(Tubos!$B$4:$B$12,MIN(COUNTIF(Tubos!$C$4:$C$12,"<"&M7)+1,9)),IF(D7="PE",INDEX(Tubos!$B$15:$B$21,MIN(COUNTIF(Tubos!$C$15:$C$21,"<"&M7)+1,7)),INDEX(Tubos!$B$24:$B$33,MIN(COUNTIF(Tubos!$C$24:$C$33,"<"&M7)+1,10)))) | O7: =IF(D7="MC",INDEX(Tubos!$C$4:$C$12,MIN(COUNTIF(Tubos!$C$4:$C$12,"<"&M7)+1,9)),IF(D7="PE",INDEX(Tubos!$C$15:$C$21,MIN(COUNTIF(Tubos!$C$15:$C$21,"<"&M7)+1,7)),INDEX(Tubos!$C$24:$C$33,MIN(COUNTIF(Tubos!$C$24:$C$33,"<"&M7)+1,10)))) | P7: =K7/1000/(PI()*(O7/1000)^2/4) | Q7: 0 | R7: =Q7*Datos!$B$17 | S7: =P7*O7/1000/IF(C7="AF",Datos!$B$46,Datos!$B$47) | T7: =IF(S7<=0,0,0.25/(LOG10(Datos!$B$48/(3.7*O7/1000)+5.74/S7^0.9))^2) | U7: =IF(R7=0,0,T7*R7/(O7/1000)*P7^2/(2*Datos!$B$45)) | V7: 2.5 | W7: =V7*P7^2/(2*Datos!$B$45) | X7: =U7+W7
A8: E3 | B8: Llaves de aislamiento contador (2 ud) | C8: AF | D8: VAL | E8: 0 | F8: 0 | G8: 0 | H8: =Plantas!$S$17 | I8: =IF(C8="AF",E8*Locales!$L$4+F8*Locales!$L$5+G8*Locales!$L$6,E8*Locales!$M$4+F8*Locales!$M$5+G8*Locales!$M$6)+H8 | J8: 0 | K8: =MAX(J8,IF(I8<=0,0,MIN(I8,IF(I8<=20,Datos!$B$25*I8^Datos!$C$25+Datos!$D$25,Datos!$B$26*I8^Datos!$C$26+Datos!$D$26)))) | L8: 1 | M8: =SQRT(4*K8/1000/(PI()*L8))*1000 | N8: =IF(D8="MC",INDEX(Tubos!$B$4:$B$12,MIN(COUNTIF(Tubos!$C$4:$C$12,"<"&M8)+1,9)),IF(D8="PE",INDEX(Tubos!$B$15:$B$21,MIN(COUNTIF(Tubos!$C$15:$C$21,"<"&M8)+1,7)),INDEX(Tubos!$B$24:$B$33,MIN(COUNTIF(Tubos!$C$24:$C$33,"<"&M8)+1,10)))) | O8: =IF(D8="MC",INDEX(Tubos!$C$4:$C$12,MIN(COUNTIF(Tubos!$C$4:$C$12,"<"&M8)+1,9)),IF(D8="PE",INDEX(Tubos!$C$15:$C$21,MIN(COUNTIF(Tubos!$C$15:$C$21,"<"&M8)+1,7)),INDEX(Tubos!$C$24:$C$33,MIN(COUNTIF(Tubos!$C$24:$C$33,"<"&M8)+1,10)))) | P8: =K8/1000/(PI()*(O8/1000)^2/4) | Q8: 0 | R8: =Q8*Datos!$B$17 | S8: =P8*O8/1000/IF(C8="AF",Datos!$B$46,Datos!$B$47) | T8: =IF(S8<=0,0,0.25/(LOG10(Datos!$B$48/(3.7*O8/1000)+5.74/S8^0.9))^2) | U8: =IF(R8=0,0,T8*R8/(O8/1000)*P8^2/(2*Datos!$B$45)) | V8: 0.6 | W8: =V8*P8^2/(2*Datos!$B$45) | X8: =U8+W8
A9: G2 | B9: Tubo de alimentación: hornacina → cuarto AF sótano (colgado) | C9: AF | D9: PE | E9: 0 | F9: 0 | G9: 0 | H9: =Plantas!$S$17 | I9: =IF(C9="AF",E9*Locales!$L$4+F9*Locales!$L$5+G9*Locales!$L$6,E9*Locales!$M$4+F9*Locales!$M$5+G9*Locales!$M$6)+H9 | J9: 0 | K9: =MAX(J9,IF(I9<=0,0,MIN(I9,IF(I9<=20,Datos!$B$25*I9^Datos!$C$25+Datos!$D$25,Datos!$B$26*I9^Datos!$C$26+Datos!$D$26)))) | L9: 1.2 | M9: =SQRT(4*K9/1000/(PI()*L9))*1000 | N9: =IF(D9="MC",INDEX(Tubos!$B$4:$B$12,MIN(COUNTIF(Tubos!$C$4:$C$12,"<"&M9)+1,9)),IF(D9="PE",INDEX(Tubos!$B$15:$B$21,MIN(COUNTIF(Tubos!$C$15:$C$21,"<"&M9)+1,7)),INDEX(Tubos!$B$24:$B$33,MIN(COUNTIF(Tubos!$C$24:$C$33,"<"&M9)+1,10)))) | O9: =IF(D9="MC",INDEX(Tubos!$C$4:$C$12,MIN(COUNTIF(Tubos!$C$4:$C$12,"<"&M9)+1,9)),IF(D9="PE",INDEX(Tubos!$C$15:$C$21,MIN(COUNTIF(Tubos!$C$15:$C$21,"<"&M9)+1,7)),INDEX(Tubos!$C$24:$C$33,MIN(COUNTIF(Tubos!$C$24:$C$33,"<"&M9)+1,10)))) | P9: =K9/1000/(PI()*(O9/1000)^2/4) | Q9: 14 | R9: =Q9*Datos!$B$17 | S9: =P9*O9/1000/IF(C9="AF",Datos!$B$46,Datos!$B$47) | T9: =IF(S9<=0,0,0.25/(LOG10(Datos!$B$48/(3.7*O9/1000)+5.74/S9^0.9))^2) | U9: =IF(R9=0,0,T9*R9/(O9/1000)*P9^2/(2*Datos!$B$45)) | V9: 0.3 | W9: =V9*P9^2/(2*Datos!$B$45) | X9: =U9+W9
A10: E4 | B10: Filtro general (cuarto AF) | C10: AF | D10: VAL | E10: 0 | F10: 0 | G10: 0 | H10: =Plantas!$S$17 | I10: =IF(C10="AF",E10*Locales!$L$4+F10*Locales!$L$5+G10*Locales!$L$6,E10*Locales!$M$4+F10*Locales!$M$5+G10*Locales!$M$6)+H10 | J10: 0 | K10: =MAX(J10,IF(I10<=0,0,MIN(I10,IF(I10<=20,Datos!$B$25*I10^Datos!$C$25+Datos!$D$25,Datos!$B$26*I10^Datos!$C$26+Datos!$D$26)))) | L10: 1 | M10: =SQRT(4*K10/1000/(PI()*L10))*1000 | N10: =IF(D10="MC",INDEX(Tubos!$B$4:$B$12,MIN(COUNTIF(Tubos!$C$4:$C$12,"<"&M10)+1,9)),IF(D10="PE",INDEX(Tubos!$B$15:$B$21,MIN(COUNTIF(Tubos!$C$15:$C$21,"<"&M10)+1,7)),INDEX(Tubos!$B$24:$B$33,MIN(COUNTIF(Tubos!$C$24:$C$33,"<"&M10)+1,10)))) | O10: =IF(D10="MC",INDEX(Tubos!$C$4:$C$12,MIN(COUNTIF(Tubos!$C$4:$C$12,"<"&M10)+1,9)),IF(D10="PE",INDEX(Tubos!$C$15:$C$21,MIN(COUNTIF(Tubos!$C$15:$C$21,"<"&M10)+1,7)),INDEX(Tubos!$C$24:$C$33,MIN(COUNTIF(Tubos!$C$24:$C$33,"<"&M10)+1,10)))) | P10: =K10/1000/(PI()*(O10/1000)^2/4) | Q10: 0 | R10: =Q10*Datos!$B$17 | S10: =P10*O10/1000/IF(C10="AF",Datos!$B$46,Datos!$B$47) | T10: =IF(S10<=0,0,0.25/(LOG10(Datos!$B$48/(3.7*O10/1000)+5.74/S10^0.9))^2) | U10: =IF(R10=0,0,T10*R10/(O10/1000)*P10^2/(2*Datos!$B$45)) | V10: 5 | W10: =V10*P10^2/(2*Datos!$B$45) | X10: =U10+W10
A11: D0 | B11: Colector directo (cuarto AF) + llave aislamiento | C11: AF | D11: MC | E11: 168 | F11: 14 | G11: 7 | H11: =Plantas!$Q$5+Plantas!$Q$4 | I11: =IF(C11="AF",E11*Locales!$L$4+F11*Locales!$L$5+G11*Locales!$L$6,E11*Locales!$M$4+F11*Locales!$M$5+G11*Locales!$M$6)+H11 | J11: 0 | K11: =MAX(J11,IF(I11<=0,0,MIN(I11,IF(I11<=20,Datos!$B$25*I11^Datos!$C$25+Datos!$D$25,Datos!$B$26*I11^Datos!$C$26+Datos!$D$26)))) | L11: 1 | M11: =SQRT(4*K11/1000/(PI()*L11))*1000 | N11: =IF(D11="MC",INDEX(Tubos!$B$4:$B$12,MIN(COUNTIF(Tubos!$C$4:$C$12,"<"&M11)+1,9)),IF(D11="PE",INDEX(Tubos!$B$15:$B$21,MIN(COUNTIF(Tubos!$C$15:$C$21,"<"&M11)+1,7)),INDEX(Tubos!$B$24:$B$33,MIN(COUNTIF(Tubos!$C$24:$C$33,"<"&M11)+1,10)))) | O11: =IF(D11="MC",INDEX(Tubos!$C$4:$C$12,MIN(COUNTIF(Tubos!$C$4:$C$12,"<"&M11)+1,9)),IF(D11="PE",INDEX(Tubos!$C$15:$C$21,MIN(COUNTIF(Tubos!$C$15:$C$21,"<"&M11)+1,7)),INDEX(Tubos!$C$24:$C$33,MIN(COUNTIF(Tubos!$C$24:$C$33,"<"&M11)+1,10)))) | P11: =K11/1000/(PI()*(O11/1000)^2/4) | Q11: 2 | R11: =Q11*Datos!$B$17 | S11: =P11*O11/1000/IF(C11="AF",Datos!$B$46,Datos!$B$47) | T11: =IF(S11<=0,0,0.25/(LOG10(Datos!$B$48/(3.7*O11/1000)+5.74/S11^0.9))^2) | U11: =IF(R11=0,0,T11*R11/(O11/1000)*P11^2/(2*Datos!$B$45)) | V11: 0.3 | W11: =V11*P11^2/(2*Datos!$B$45) | X11: =U11+W11
A12: DL1 | B12: Directo: cuarto AF → base patinillo O | C12: AF | D12: MC | E12: 84 | F12: 14 | G12: 0 | H12: 0 | I12: =IF(C12="AF",E12*Locales!$L$4+F12*Locales!$L$5+G12*Locales!$L$6,E12*Locales!$M$4+F12*Locales!$M$5+G12*Locales!$M$6)+H12 | J12: 0 | K12: =MAX(J12,IF(I12<=0,0,MIN(I12,IF(I12<=20,Datos!$B$25*I12^Datos!$C$25+Datos!$D$25,Datos!$B$26*I12^Datos!$C$26+Datos!$D$26)))) | L12: 1 | M12: =SQRT(4*K12/1000/(PI()*L12))*1000 | N12: =IF(D12="MC",INDEX(Tubos!$B$4:$B$12,MIN(COUNTIF(Tubos!$C$4:$C$12,"<"&M12)+1,9)),IF(D12="PE",INDEX(Tubos!$B$15:$B$21,MIN(COUNTIF(Tubos!$C$15:$C$21,"<"&M12)+1,7)),INDEX(Tubos!$B$24:$B$33,MIN(COUNTIF(Tubos!$C$24:$C$33,"<"&M12)+1,10)))) | O12: =IF(D12="MC",INDEX(Tubos!$C$4:$C$12,MIN(COUNTIF(Tubos!$C$4:$C$12,"<"&M12)+1,9)),IF(D12="PE",INDEX(Tubos!$C$15:$C$21,MIN(COUNTIF(Tubos!$C$15:$C$21,"<"&M12)+1,7)),INDEX(Tubos!$C$24:$C$33,MIN(COUNTIF(Tubos!$C$24:$C$33,"<"&M12)+1,10)))) | P12: =K12/1000/(PI()*(O12/1000)^2/4) | Q12: 12 | R12: =Q12*Datos!$B$17 | S12: =P12*O12/1000/IF(C12="AF",Datos!$B$46,Datos!$B$47) | T12: =IF(S12<=0,0,0.25/(LOG10(Datos!$B$48/(3.7*O12/1000)+5.74/S12^0.9))^2) | U12: =IF(R12=0,0,T12*R12/(O12/1000)*P12^2/(2*Datos!$B$45)) | V12: 2.8 | W12: =V12*P12^2/(2*Datos!$B$45) | X12: =U12+W12
A13: DR1 | B13: Directo: cuarto AF → base patinillo E | C13: AF | D13: MC | E13: 84 | F13: 0 | G13: 7 | H13: 0 | I13: =IF(C13="AF",E13*Locales!$L$4+F13*Locales!$L$5+G13*Locales!$L$6,E13*Locales!$M$4+F13*Locales!$M$5+G13*Locales!$M$6)+H13 | J13: 0 | K13: =MAX(J13,IF(I13<=0,0,MIN(I13,IF(I13<=20,Datos!$B$25*I13^Datos!$C$25+Datos!$D$25,Datos!$B$26*I13^Datos!$C$26+Datos!$D$26)))) | L13: 1 | M13: =SQRT(4*K13/1000/(PI()*L13))*1000 | N13: =IF(D13="MC",INDEX(Tubos!$B$4:$B$12,MIN(COUNTIF(Tubos!$C$4:$C$12,"<"&M13)+1,9)),IF(D13="PE",INDEX(Tubos!$B$15:$B$21,MIN(COUNTIF(Tubos!$C$15:$C$21,"<"&M13)+1,7)),INDEX(Tubos!$B$24:$B$33,MIN(COUNTIF(Tubos!$C$24:$C$33,"<"&M13)+1,10)))) | O13: =IF(D13="MC",INDEX(Tubos!$C$4:$C$12,MIN(COUNTIF(Tubos!$C$4:$C$12,"<"&M13)+1,9)),IF(D13="PE",INDEX(Tubos!$C$15:$C$21,MIN(COUNTIF(Tubos!$C$15:$C$21,"<"&M13)+1,7)),INDEX(Tubos!$C$24:$C$33,MIN(COUNTIF(Tubos!$C$24:$C$33,"<"&M13)+1,10)))) | P13: =K13/1000/(PI()*(O13/1000)^2/4) | Q13: 48 | R13: =Q13*Datos!$B$17 | S13: =P13*O13/1000/IF(C13="AF",Datos!$B$46,Datos!$B$47) | T13: =IF(S13<=0,0,0.25/(LOG10(Datos!$B$48/(3.7*O13/1000)+5.74/S13^0.9))^2) | U13: =IF(R13=0,0,T13*R13/(O13/1000)*P13^2/(2*Datos!$B$45)) | V13: 2.8 | W13: =V13*P13^2/(2*Datos!$B$45) | X13: =U13+W13
A14: MDL1 | B14: Montante directo O: tramo hasta planta 1 | C14: AF | D14: MC | E14: 84 | F14: 14 | G14: 0 | H14: 0 | I14: =IF(C14="AF",E14*Locales!$L$4+F14*Locales!$L$5+G14*Locales!$L$6,E14*Locales!$M$4+F14*Locales!$M$5+G14*Locales!$M$6)+H14 | J14: 0 | K14: =MAX(J14,IF(I14<=0,0,MIN(I14,IF(I14<=20,Datos!$B$25*I14^Datos!$C$25+Datos!$D$25,Datos!$B$26*I14^Datos!$C$26+Datos!$D$26)))) | L14: 1 | M14: =SQRT(4*K14/1000/(PI()*L14))*1000 | N14: =IF(D14="MC",INDEX(Tubos!$B$4:$B$12,MIN(COUNTIF(Tubos!$C$4:$C$12,"<"&M14)+1,9)),IF(D14="PE",INDEX(Tubos!$B$15:$B$21,MIN(COUNTIF(Tubos!$C$15:$C$21,"<"&M14)+1,7)),INDEX(Tubos!$B$24:$B$33,MIN(COUNTIF(Tubos!$C$24:$C$33,"<"&M14)+1,10)))) | O14: =IF(D14="MC",INDEX(Tubos!$C$4:$C$12,MIN(COUNTIF(Tubos!$C$4:$C$12,"<"&M14)+1,9)),IF(D14="PE",INDEX(Tubos!$C$15:$C$21,MIN(COUNTIF(Tubos!$C$15:$C$21,"<"&M14)+1,7)),INDEX(Tubos!$C$24:$C$33,MIN(COUNTIF(Tubos!$C$24:$C$33,"<"&M14)+1,10)))) | P14: =K14/1000/(PI()*(O14/1000)^2/4) | Q14: 7.3 | R14: =Q14*Datos!$B$17 | S14: =P14*O14/1000/IF(C14="AF",Datos!$B$46,Datos!$B$47) | T14: =IF(S14<=0,0,0.25/(LOG10(Datos!$B$48/(3.7*O14/1000)+5.74/S14^0.9))^2) | U14: =IF(R14=0,0,T14*R14/(O14/1000)*P14^2/(2*Datos!$B$45)) | V14: 0 | W14: =V14*P14^2/(2*Datos!$B$45) | X14: =U14+W14
A15: MDR1 | B15: Montante directo E: tramo hasta planta 1 | C15: AF | D15: MC | E15: 84 | F15: 0 | G15: 7 | H15: 0 | I15: =IF(C15="AF",E15*Locales!$L$4+F15*Locales!$L$5+G15*Locales!$L$6,E15*Locales!$M$4+F15*Locales!$M$5+G15*Locales!$M$6)+H15 | J15: 0 | K15: =MAX(J15,IF(I15<=0,0,MIN(I15,IF(I15<=20,Datos!$B$25*I15^Datos!$C$25+Datos!$D$25,Datos!$B$26*I15^Datos!$C$26+Datos!$D$26)))) | L15: 1 | M15: =SQRT(4*K15/1000/(PI()*L15))*1000 | N15: =IF(D15="MC",INDEX(Tubos!$B$4:$B$12,MIN(COUNTIF(Tubos!$C$4:$C$12,"<"&M15)+1,9)),IF(D15="PE",INDEX(Tubos!$B$15:$B$21,MIN(COUNTIF(Tubos!$C$15:$C$21,"<"&M15)+1,7)),INDEX(Tubos!$B$24:$B$33,MIN(COUNTIF(Tubos!$C$24:$C$33,"<"&M15)+1,10)))) | O15: =IF(D15="MC",INDEX(Tubos!$C$4:$C$12,MIN(COUNTIF(Tubos!$C$4:$C$12,"<"&M15)+1,9)),IF(D15="PE",INDEX(Tubos!$C$15:$C$21,MIN(COUNTIF(Tubos!$C$15:$C$21,"<"&M15)+1,7)),INDEX(Tubos!$C$24:$C$33,MIN(COUNTIF(Tubos!$C$24:$C$33,"<"&M15)+1,10)))) | P15: =K15/1000/(PI()*(O15/1000)^2/4) | Q15: 7.3 | R15: =Q15*Datos!$B$17 | S15: =P15*O15/1000/IF(C15="AF",Datos!$B$46,Datos!$B$47) | T15: =IF(S15<=0,0,0.25/(LOG10(Datos!$B$48/(3.7*O15/1000)+5.74/S15^0.9))^2) | U15: =IF(R15=0,0,T15*R15/(O15/1000)*P15^2/(2*Datos!$B$45)) | V15: 0 | W15: =V15*P15^2/(2*Datos!$B$45) | X15: =U15+W15
A16: MDL2 | B16: Montante directo O: tramo hasta planta 2 | C16: AF | D16: MC | E16: 72 | F16: 12 | G16: 0 | H16: 0 | I16: =IF(C16="AF",E16*Locales!$L$4+F16*Locales!$L$5+G16*Locales!$L$6,E16*Locales!$M$4+F16*Locales!$M$5+G16*Locales!$M$6)+H16 | J16: 0 | K16: =MAX(J16,IF(I16<=0,0,MIN(I16,IF(I16<=20,Datos!$B$25*I16^Datos!$C$25+Datos!$D$25,Datos!$B$26*I16^Datos!$C$26+Datos!$D$26)))) | L16: 1 | M16: =SQRT(4*K16/1000/(PI()*L16))*1000 | N16: =IF(D16="MC",INDEX(Tubos!$B$4:$B$12,MIN(COUNTIF(Tubos!$C$4:$C$12,"<"&M16)+1,9)),IF(D16="PE",INDEX(Tubos!$B$15:$B$21,MIN(COUNTIF(Tubos!$C$15:$C$21,"<"&M16)+1,7)),INDEX(Tubos!$B$24:$B$33,MIN(COUNTIF(Tubos!$C$24:$C$33,"<"&M16)+1,10)))) | O16: =IF(D16="MC",INDEX(Tubos!$C$4:$C$12,MIN(COUNTIF(Tubos!$C$4:$C$12,"<"&M16)+1,9)),IF(D16="PE",INDEX(Tubos!$C$15:$C$21,MIN(COUNTIF(Tubos!$C$15:$C$21,"<"&M16)+1,7)),INDEX(Tubos!$C$24:$C$33,MIN(COUNTIF(Tubos!$C$24:$C$33,"<"&M16)+1,10)))) | P16: =K16/1000/(PI()*(O16/1000)^2/4) | Q16: 3.3 | R16: =Q16*Datos!$B$17 | S16: =P16*O16/1000/IF(C16="AF",Datos!$B$46,Datos!$B$47) | T16: =IF(S16<=0,0,0.25/(LOG10(Datos!$B$48/(3.7*O16/1000)+5.74/S16^0.9))^2) | U16: =IF(R16=0,0,T16*R16/(O16/1000)*P16^2/(2*Datos!$B$45)) | V16: 0 | W16: =V16*P16^2/(2*Datos!$B$45) | X16: =U16+W16
A17: MDR2 | B17: Montante directo E: tramo hasta planta 2 | C17: AF | D17: MC | E17: 72 | F17: 0 | G17: 6 | H17: 0 | I17: =IF(C17="AF",E17*Locales!$L$4+F17*Locales!$L$5+G17*Locales!$L$6,E17*Locales!$M$4+F17*Locales!$M$5+G17*Locales!$M$6)+H17 | J17: 0 | K17: =MAX(J17,IF(I17<=0,0,MIN(I17,IF(I17<=20,Datos!$B$25*I17^Datos!$C$25+Datos!$D$25,Datos!$B$26*I17^Datos!$C$26+Datos!$D$26)))) | L17: 1 | M17: =SQRT(4*K17/1000/(PI()*L17))*1000 | N17: =IF(D17="MC",INDEX(Tubos!$B$4:$B$12,MIN(COUNTIF(Tubos!$C$4:$C$12,"<"&M17)+1,9)),IF(D17="PE",INDEX(Tubos!$B$15:$B$21,MIN(COUNTIF(Tubos!$C$15:$C$21,"<"&M17)+1,7)),INDEX(Tubos!$B$24:$B$33,MIN(COUNTIF(Tubos!$C$24:$C$33,"<"&M17)+1,10)))) | O17: =IF(D17="MC",INDEX(Tubos!$C$4:$C$12,MIN(COUNTIF(Tubos!$C$4:$C$12,"<"&M17)+1,9)),IF(D17="PE",INDEX(Tubos!$C$15:$C$21,MIN(COUNTIF(Tubos!$C$15:$C$21,"<"&M17)+1,7)),INDEX(Tubos!$C$24:$C$33,MIN(COUNTIF(Tubos!$C$24:$C$33,"<"&M17)+1,10)))) | P17: =K17/1000/(PI()*(O17/1000)^2/4) | Q17: 3.3 | R17: =Q17*Datos!$B$17 | S17: =P17*O17/1000/IF(C17="AF",Datos!$B$46,Datos!$B$47) | T17: =IF(S17<=0,0,0.25/(LOG10(Datos!$B$48/(3.7*O17/1000)+5.74/S17^0.9))^2) | U17: =IF(R17=0,0,T17*R17/(O17/1000)*P17^2/(2*Datos!$B$45)) | V17: 0 | W17: =V17*P17^2/(2*Datos!$B$45) | X17: =U17+W17
A18: MDL3 | B18: Montante directo O: tramo hasta planta 3 | C18: AF | D18: MC | E18: 60 | F18: 10 | G18: 0 | H18: 0 | I18: =IF(C18="AF",E18*Locales!$L$4+F18*Locales!$L$5+G18*Locales!$L$6,E18*Locales!$M$4+F18*Locales!$M$5+G18*Locales!$M$6)+H18 | J18: 0 | K18: =MAX(J18,IF(I18<=0,0,MIN(I18,IF(I18<=20,Datos!$B$25*I18^Datos!$C$25+Datos!$D$25,Datos!$B$26*I18^Datos!$C$26+Datos!$D$26)))) | L18: 1 | M18: =SQRT(4*K18/1000/(PI()*L18))*1000 | N18: =IF(D18="MC",INDEX(Tubos!$B$4:$B$12,MIN(COUNTIF(Tubos!$C$4:$C$12,"<"&M18)+1,9)),IF(D18="PE",INDEX(Tubos!$B$15:$B$21,MIN(COUNTIF(Tubos!$C$15:$C$21,"<"&M18)+1,7)),INDEX(Tubos!$B$24:$B$33,MIN(COUNTIF(Tubos!$C$24:$C$33,"<"&M18)+1,10)))) | O18: =IF(D18="MC",INDEX(Tubos!$C$4:$C$12,MIN(COUNTIF(Tubos!$C$4:$C$12,"<"&M18)+1,9)),IF(D18="PE",INDEX(Tubos!$C$15:$C$21,MIN(COUNTIF(Tubos!$C$15:$C$21,"<"&M18)+1,7)),INDEX(Tubos!$C$24:$C$33,MIN(COUNTIF(Tubos!$C$24:$C$33,"<"&M18)+1,10)))) | P18: =K18/1000/(PI()*(O18/1000)^2/4) | Q18: 3.3 | R18: =Q18*Datos!$B$17 | S18: =P18*O18/1000/IF(C18="AF",Datos!$B$46,Datos!$B$47) | T18: =IF(S18<=0,0,0.25/(LOG10(Datos!$B$48/(3.7*O18/1000)+5.74/S18^0.9))^2) | U18: =IF(R18=0,0,T18*R18/(O18/1000)*P18^2/(2*Datos!$B$45)) | V18: 0 | W18: =V18*P18^2/(2*Datos!$B$45) | X18: =U18+W18
A19: MDR3 | B19: Montante directo E: tramo hasta planta 3 | C19: AF | D19: MC | E19: 60 | F19: 0 | G19: 5 | H19: 0 | I19: =IF(C19="AF",E19*Locales!$L$4+F19*Locales!$L$5+G19*Locales!$L$6,E19*Locales!$M$4+F19*Locales!$M$5+G19*Locales!$M$6)+H19 | J19: 0 | K19: =MAX(J19,IF(I19<=0,0,MIN(I19,IF(I19<=20,Datos!$B$25*I19^Datos!$C$25+Datos!$D$25,Datos!$B$26*I19^Datos!$C$26+Datos!$D$26)))) | L19: 1 | M19: =SQRT(4*K19/1000/(PI()*L19))*1000 | N19: =IF(D19="MC",INDEX(Tubos!$B$4:$B$12,MIN(COUNTIF(Tubos!$C$4:$C$12,"<"&M19)+1,9)),IF(D19="PE",INDEX(Tubos!$B$15:$B$21,MIN(COUNTIF(Tubos!$C$15:$C$21,"<"&M19)+1,7)),INDEX(Tubos!$B$24:$B$33,MIN(COUNTIF(Tubos!$C$24:$C$33,"<"&M19)+1,10)))) | O19: =IF(D19="MC",INDEX(Tubos!$C$4:$C$12,MIN(COUNTIF(Tubos!$C$4:$C$12,"<"&M19)+1,9)),IF(D19="PE",INDEX(Tubos!$C$15:$C$21,MIN(COUNTIF(Tubos!$C$15:$C$21,"<"&M19)+1,7)),INDEX(Tubos!$C$24:$C$33,MIN(COUNTIF(Tubos!$C$24:$C$33,"<"&M19)+1,10)))) | P19: =K19/1000/(PI()*(O19/1000)^2/4) | Q19: 3.3 | R19: =Q19*Datos!$B$17 | S19: =P19*O19/1000/IF(C19="AF",Datos!$B$46,Datos!$B$47) | T19: =IF(S19<=0,0,0.25/(LOG10(Datos!$B$48/(3.7*O19/1000)+5.74/S19^0.9))^2) | U19: =IF(R19=0,0,T19*R19/(O19/1000)*P19^2/(2*Datos!$B$45)) | V19: 0 | W19: =V19*P19^2/(2*Datos!$B$45) | X19: =U19+W19
A20: MDL4 | B20: Montante directo O: tramo hasta planta 4 | C20: AF | D20: MC | E20: 48 | F20: 8 | G20: 0 | H20: 0 | I20: =IF(C20="AF",E20*Locales!$L$4+F20*Locales!$L$5+G20*Locales!$L$6,E20*Locales!$M$4+F20*Locales!$M$5+G20*Locales!$M$6)+H20 | J20: 0 | K20: =MAX(J20,IF(I20<=0,0,MIN(I20,IF(I20<=20,Datos!$B$25*I20^Datos!$C$25+Datos!$D$25,Datos!$B$26*I20^Datos!$C$26+Datos!$D$26)))) | L20: 1 | M20: =SQRT(4*K20/1000/(PI()*L20))*1000 | N20: =IF(D20="MC",INDEX(Tubos!$B$4:$B$12,MIN(COUNTIF(Tubos!$C$4:$C$12,"<"&M20)+1,9)),IF(D20="PE",INDEX(Tubos!$B$15:$B$21,MIN(COUNTIF(Tubos!$C$15:$C$21,"<"&M20)+1,7)),INDEX(Tubos!$B$24:$B$33,MIN(COUNTIF(Tubos!$C$24:$C$33,"<"&M20)+1,10)))) | O20: =IF(D20="MC",INDEX(Tubos!$C$4:$C$12,MIN(COUNTIF(Tubos!$C$4:$C$12,"<"&M20)+1,9)),IF(D20="PE",INDEX(Tubos!$C$15:$C$21,MIN(COUNTIF(Tubos!$C$15:$C$21,"<"&M20)+1,7)),INDEX(Tubos!$C$24:$C$33,MIN(COUNTIF(Tubos!$C$24:$C$33,"<"&M20)+1,10)))) | P20: =K20/1000/(PI()*(O20/1000)^2/4) | Q20: 3.3 | R20: =Q20*Datos!$B$17 | S20: =P20*O20/1000/IF(C20="AF",Datos!$B$46,Datos!$B$47) | T20: =IF(S20<=0,0,0.25/(LOG10(Datos!$B$48/(3.7*O20/1000)+5.74/S20^0.9))^2) | U20: =IF(R20=0,0,T20*R20/(O20/1000)*P20^2/(2*Datos!$B$45)) | V20: 0 | W20: =V20*P20^2/(2*Datos!$B$45) | X20: =U20+W20
A21: MDR4 | B21: Montante directo E: tramo hasta planta 4 | C21: AF | D21: MC | E21: 48 | F21: 0 | G21: 4 | H21: 0 | I21: =IF(C21="AF",E21*Locales!$L$4+F21*Locales!$L$5+G21*Locales!$L$6,E21*Locales!$M$4+F21*Locales!$M$5+G21*Locales!$M$6)+H21 | J21: 0 | K21: =MAX(J21,IF(I21<=0,0,MIN(I21,IF(I21<=20,Datos!$B$25*I21^Datos!$C$25+Datos!$D$25,Datos!$B$26*I21^Datos!$C$26+Datos!$D$26)))) | L21: 1 | M21: =SQRT(4*K21/1000/(PI()*L21))*1000 | N21: =IF(D21="MC",INDEX(Tubos!$B$4:$B$12,MIN(COUNTIF(Tubos!$C$4:$C$12,"<"&M21)+1,9)),IF(D21="PE",INDEX(Tubos!$B$15:$B$21,MIN(COUNTIF(Tubos!$C$15:$C$21,"<"&M21)+1,7)),INDEX(Tubos!$B$24:$B$33,MIN(COUNTIF(Tubos!$C$24:$C$33,"<"&M21)+1,10)))) | O21: =IF(D21="MC",INDEX(Tubos!$C$4:$C$12,MIN(COUNTIF(Tubos!$C$4:$C$12,"<"&M21)+1,9)),IF(D21="PE",INDEX(Tubos!$C$15:$C$21,MIN(COUNTIF(Tubos!$C$15:$C$21,"<"&M21)+1,7)),INDEX(Tubos!$C$24:$C$33,MIN(COUNTIF(Tubos!$C$24:$C$33,"<"&M21)+1,10)))) | P21: =K21/1000/(PI()*(O21/1000)^2/4) | Q21: 3.3 | R21: =Q21*Datos!$B$17 | S21: =P21*O21/1000/IF(C21="AF",Datos!$B$46,Datos!$B$47) | T21: =IF(S21<=0,0,0.25/(LOG10(Datos!$B$48/(3.7*O21/1000)+5.74/S21^0.9))^2) | U21: =IF(R21=0,0,T21*R21/(O21/1000)*P21^2/(2*Datos!$B$45)) | V21: 0 | W21: =V21*P21^2/(2*Datos!$B$45) | X21: =U21+W21
A22: MDL5 | B22: Montante directo O: tramo hasta planta 5 | C22: AF | D22: MC | E22: 36 | F22: 6 | G22: 0 | H22: 0 | I22: =IF(C22="AF",E22*Locales!$L$4+F22*Locales!$L$5+G22*Locales!$L$6,E22*Locales!$M$4+F22*Locales!$M$5+G22*Locales!$M$6)+H22 | J22: 0 | K22: =MAX(J22,IF(I22<=0,0,MIN(I22,IF(I22<=20,Datos!$B$25*I22^Datos!$C$25+Datos!$D$25,Datos!$B$26*I22^Datos!$C$26+Datos!$D$26)))) | L22: 1 | M22: =SQRT(4*K22/1000/(PI()*L22))*1000 | N22: =IF(D22="MC",INDEX(Tubos!$B$4:$B$12,MIN(COUNTIF(Tubos!$C$4:$C$12,"<"&M22)+1,9)),IF(D22="PE",INDEX(Tubos!$B$15:$B$21,MIN(COUNTIF(Tubos!$C$15:$C$21,"<"&M22)+1,7)),INDEX(Tubos!$B$24:$B$33,MIN(COUNTIF(Tubos!$C$24:$C$33,"<"&M22)+1,10)))) | O22: =IF(D22="MC",INDEX(Tubos!$C$4:$C$12,MIN(COUNTIF(Tubos!$C$4:$C$12,"<"&M22)+1,9)),IF(D22="PE",INDEX(Tubos!$C$15:$C$21,MIN(COUNTIF(Tubos!$C$15:$C$21,"<"&M22)+1,7)),INDEX(Tubos!$C$24:$C$33,MIN(COUNTIF(Tubos!$C$24:$C$33,"<"&M22)+1,10)))) | P22: =K22/1000/(PI()*(O22/1000)^2/4) | Q22: 3.3 | R22: =Q22*Datos!$B$17 | S22: =P22*O22/1000/IF(C22="AF",Datos!$B$46,Datos!$B$47) | T22: =IF(S22<=0,0,0.25/(LOG10(Datos!$B$48/(3.7*O22/1000)+5.74/S22^0.9))^2) | U22: =IF(R22=0,0,T22*R22/(O22/1000)*P22^2/(2*Datos!$B$45)) | V22: 0 | W22: =V22*P22^2/(2*Datos!$B$45) | X22: =U22+W22
A23: MDR5 | B23: Montante directo E: tramo hasta planta 5 | C23: AF | D23: MC | E23: 36 | F23: 0 | G23: 3 | H23: 0 | I23: =IF(C23="AF",E23*Locales!$L$4+F23*Locales!$L$5+G23*Locales!$L$6,E23*Locales!$M$4+F23*Locales!$M$5+G23*Locales!$M$6)+H23 | J23: 0 | K23: =MAX(J23,IF(I23<=0,0,MIN(I23,IF(I23<=20,Datos!$B$25*I23^Datos!$C$25+Datos!$D$25,Datos!$B$26*I23^Datos!$C$26+Datos!$D$26)))) | L23: 1 | M23: =SQRT(4*K23/1000/(PI()*L23))*1000 | N23: =IF(D23="MC",INDEX(Tubos!$B$4:$B$12,MIN(COUNTIF(Tubos!$C$4:$C$12,"<"&M23)+1,9)),IF(D23="PE",INDEX(Tubos!$B$15:$B$21,MIN(COUNTIF(Tubos!$C$15:$C$21,"<"&M23)+1,7)),INDEX(Tubos!$B$24:$B$33,MIN(COUNTIF(Tubos!$C$24:$C$33,"<"&M23)+1,10)))) | O23: =IF(D23="MC",INDEX(Tubos!$C$4:$C$12,MIN(COUNTIF(Tubos!$C$4:$C$12,"<"&M23)+1,9)),IF(D23="PE",INDEX(Tubos!$C$15:$C$21,MIN(COUNTIF(Tubos!$C$15:$C$21,"<"&M23)+1,7)),INDEX(Tubos!$C$24:$C$33,MIN(COUNTIF(Tubos!$C$24:$C$33,"<"&M23)+1,10)))) | P23: =K23/1000/(PI()*(O23/1000)^2/4) | Q23: 3.3 | R23: =Q23*Datos!$B$17 | S23: =P23*O23/1000/IF(C23="AF",Datos!$B$46,Datos!$B$47) | T23: =IF(S23<=0,0,0.25/(LOG10(Datos!$B$48/(3.7*O23/1000)+5.74/S23^0.9))^2) | U23: =IF(R23=0,0,T23*R23/(O23/1000)*P23^2/(2*Datos!$B$45)) | V23: 0 | W23: =V23*P23^2/(2*Datos!$B$45) | X23: =U23+W23
... A27: MDR7 | B27: Montante directo E: tramo hasta planta 7 | C27: AF | D27: MC | E27: 12 | F27: 0 | G27: 1 | H27: 0 | I27: =IF(C27="AF",E27*Locales!$L$4+F27*Locales!$L$5+G27*Locales!$L$6,E27*Locales!$M$4+F27*Locales!$M$5+G27*Locales!$M$6)+H27 | J27: 0 | K27: =MAX(J27,IF(I27<=0,0,MIN(I27,IF(I27<=20,Datos!$B$25*I27^Datos!$C$25+Datos!$D$25,Datos!$B$26*I27^Datos!$C$26+Datos!$D$26)))) | L27: 1 | M27: =SQRT(4*K27/1000/(PI()*L27))*1000 | N27: =IF(D27="MC",INDEX(Tubos!$B$4:$B$12,MIN(COUNTIF(Tubos!$C$4:$C$12,"<"&M27)+1,9)),IF(D27="PE",INDEX(Tubos!$B$15:$B$21,MIN(COUNTIF(Tubos!$C$15:$C$21,"<"&M27)+1,7)),INDEX(Tubos!$B$24:$B$33,MIN(COUNTIF(Tubos!$C$24:$C$33,"<"&M27)+1,10)))) | O27: =IF(D27="MC",INDEX(Tubos!$C$4:$C$12,MIN(COUNTIF(Tubos!$C$4:$C$12,"<"&M27)+1,9)),IF(D27="PE",INDEX(Tubos!$C$15:$C$21,MIN(COUNTIF(Tubos!$C$15:$C$21,"<"&M27)+1,7)),INDEX(Tubos!$C$24:$C$33,MIN(COUNTIF(Tubos!$C$24:$C$33,"<"&M27)+1,10)))) | P27: =K27/1000/(PI()*(O27/1000)^2/4) | Q27: 3.3 | R27: =Q27*Datos!$B$17 | S27: =P27*O27/1000/IF(C27="AF",Datos!$B$46,Datos!$B$47) | T27: =IF(S27<=0,0,0.25/(LOG10(Datos!$B$48/(3.7*O27/1000)+5.74/S27^0.9))^2) | U27: =IF(R27=0,0,T27*R27/(O27/1000)*P27^2/(2*Datos!$B$45)) | V27: 0 | W27: =V27*P27^2/(2*Datos!$B$45) | X27: =U27+W27
A28: BV0 | B28: Colector impulsión grupo (AF alta + alimentación ACS) | C28: AF | D28: MC | E28: 96 | F28: 8 | G28: 4 | H28: =Plantas!$R$17 | I28: =IF(C28="AF",E28*Locales!$L$4+F28*Locales!$L$5+G28*Locales!$L$6,E28*Locales!$M$4+F28*Locales!$M$5+G28*Locales!$M$6)+H28 | J28: 0 | K28: =MAX(J28,IF(I28<=0,0,MIN(I28,IF(I28<=20,Datos!$B$25*I28^Datos!$C$25+Datos!$D$25,Datos!$B$26*I28^Datos!$C$26+Datos!$D$26)))) | L28: 1 | M28: =SQRT(4*K28/1000/(PI()*L28))*1000 | N28: =IF(D28="MC",INDEX(Tubos!$B$4:$B$12,MIN(COUNTIF(Tubos!$C$4:$C$12,"<"&M28)+1,9)),IF(D28="PE",INDEX(Tubos!$B$15:$B$21,MIN(COUNTIF(Tubos!$C$15:$C$21,"<"&M28)+1,7)),INDEX(Tubos!$B$24:$B$33,MIN(COUNTIF(Tubos!$C$24:$C$33,"<"&M28)+1,10)))) | O28: =IF(D28="MC",INDEX(Tubos!$C$4:$C$12,MIN(COUNTIF(Tubos!$C$4:$C$12,"<"&M28)+1,9)),IF(D28="PE",INDEX(Tubos!$C$15:$C$21,MIN(COUNTIF(Tubos!$C$15:$C$21,"<"&M28)+1,7)),INDEX(Tubos!$C$24:$C$33,MIN(COUNTIF(Tubos!$C$24:$C$33,"<"&M28)+1,10)))) | P28: =K28/1000/(PI()*(O28/1000)^2/4) | Q28: 3 | R28: =Q28*Datos!$B$17 | S28: =P28*O28/1000/IF(C28="AF",Datos!$B$46,Datos!$B$47) | T28: =IF(S28<=0,0,0.25/(LOG10(Datos!$B$48/(3.7*O28/1000)+5.74/S28^0.9))^2) | U28: =IF(R28=0,0,T28*R28/(O28/1000)*P28^2/(2*Datos!$B$45)) | V28: 0.3 | W28: =V28*P28^2/(2*Datos!$B$45) | X28: =U28+W28
A29: BL1 | B29: Bombeo: cuarto AF → base patinillo O | C29: AF | D29: MC | E29: 48 | F29: 8 | G29: 0 | H29: 0 | I29: =IF(C29="AF",E29*Locales!$L$4+F29*Locales!$L$5+G29*Locales!$L$6,E29*Locales!$M$4+F29*Locales!$M$5+G29*Locales!$M$6)+H29 | J29: 0 | K29: =MAX(J29,IF(I29<=0,0,MIN(I29,IF(I29<=20,Datos!$B$25*I29^Datos!$C$25+Datos!$D$25,Datos!$B$26*I29^Datos!$C$26+Datos!$D$26)))) | L29: 1 | M29: =SQRT(4*K29/1000/(PI()*L29))*1000 | N29: =IF(D29="MC",INDEX(Tubos!$B$4:$B$12,MIN(COUNTIF(Tubos!$C$4:$C$12,"<"&M29)+1,9)),IF(D29="PE",INDEX(Tubos!$B$15:$B$21,MIN(COUNTIF(Tubos!$C$15:$C$21,"<"&M29)+1,7)),INDEX(Tubos!$B$24:$B$33,MIN(COUNTIF(Tubos!$C$24:$C$33,"<"&M29)+1,10)))) | O29: =IF(D29="MC",INDEX(Tubos!$C$4:$C$12,MIN(COUNTIF(Tubos!$C$4:$C$12,"<"&M29)+1,9)),IF(D29="PE",INDEX(Tubos!$C$15:$C$21,MIN(COUNTIF(Tubos!$C$15:$C$21,"<"&M29)+1,7)),INDEX(Tubos!$C$24:$C$33,MIN(COUNTIF(Tubos!$C$24:$C$33,"<"&M29)+1,10)))) | P29: =K29/1000/(PI()*(O29/1000)^2/4) | Q29: 12 | R29: =Q29*Datos!$B$17 | S29: =P29*O29/1000/IF(C29="AF",Datos!$B$46,Datos!$B$47) | T29: =IF(S29<=0,0,0.25/(LOG10(Datos!$B$48/(3.7*O29/1000)+5.74/S29^0.9))^2) | U29: =IF(R29=0,0,T29*R29/(O29/1000)*P29^2/(2*Datos!$B$45)) | V29: 2.8 | W29: =V29*P29^2/(2*Datos!$B$45) | X29: =U29+W29
A30: BR1 | B30: Bombeo: cuarto AF → base patinillo E | C30: AF | D30: MC | E30: 48 | F30: 0 | G30: 4 | H30: 0 | I30: =IF(C30="AF",E30*Locales!$L$4+F30*Locales!$L$5+G30*Locales!$L$6,E30*Locales!$M$4+F30*Locales!$M$5+G30*Locales!$M$6)+H30 | J30: 0 | K30: =MAX(J30,IF(I30<=0,0,MIN(I30,IF(I30<=20,Datos!$B$25*I30^Datos!$C$25+Datos!$D$25,Datos!$B$26*I30^Datos!$C$26+Datos!$D$26)))) | L30: 1 | M30: =SQRT(4*K30/1000/(PI()*L30))*1000 | N30: =IF(D30="MC",INDEX(Tubos!$B$4:$B$12,MIN(COUNTIF(Tubos!$C$4:$C$12,"<"&M30)+1,9)),IF(D30="PE",INDEX(Tubos!$B$15:$B$21,MIN(COUNTIF(Tubos!$C$15:$C$21,"<"&M30)+1,7)),INDEX(Tubos!$B$24:$B$33,MIN(COUNTIF(Tubos!$C$24:$C$33,"<"&M30)+1,10)))) | O30: =IF(D30="MC",INDEX(Tubos!$C$4:$C$12,MIN(COUNTIF(Tubos!$C$4:$C$12,"<"&M30)+1,9)),IF(D30="PE",INDEX(Tubos!$C$15:$C$21,MIN(COUNTIF(Tubos!$C$15:$C$21,"<"&M30)+1,7)),INDEX(Tubos!$C$24:$C$33,MIN(COUNTIF(Tubos!$C$24:$C$33,"<"&M30)+1,10)))) | P30: =K30/1000/(PI()*(O30/1000)^2/4) | Q30: 48 | R30: =Q30*Datos!$B$17 | S30: =P30*O30/1000/IF(C30="AF",Datos!$B$46,Datos!$B$47) | T30: =IF(S30<=0,0,0.25/(LOG10(Datos!$B$48/(3.7*O30/1000)+5.74/S30^0.9))^2) | U30: =IF(R30=0,0,T30*R30/(O30/1000)*P30^2/(2*Datos!$B$45)) | V30: 2.8 | W30: =V30*P30^2/(2*Datos!$B$45) | X30: =U30+W30
A31: MBL8 | B31: Montante bombeo O: tramo hasta planta 8 | C31: AF | D31: MC | E31: 48 | F31: 8 | G31: 0 | H31: 0 | I31: =IF(C31="AF",E31*Locales!$L$4+F31*Locales!$L$5+G31*Locales!$L$6,E31*Locales!$M$4+F31*Locales!$M$5+G31*Locales!$M$6)+H31 | J31: 0 | K31: =MAX(J31,IF(I31<=0,0,MIN(I31,IF(I31<=20,Datos!$B$25*I31^Datos!$C$25+Datos!$D$25,Datos!$B$26*I31^Datos!$C$26+Datos!$D$26)))) | L31: 1 | M31: =SQRT(4*K31/1000/(PI()*L31))*1000 | N31: =IF(D31="MC",INDEX(Tubos!$B$4:$B$12,MIN(COUNTIF(Tubos!$C$4:$C$12,"<"&M31)+1,9)),IF(D31="PE",INDEX(Tubos!$B$15:$B$21,MIN(COUNTIF(Tubos!$C$15:$C$21,"<"&M31)+1,7)),INDEX(Tubos!$B$24:$B$33,MIN(COUNTIF(Tubos!$C$24:$C$33,"<"&M31)+1,10)))) | O31: =IF(D31="MC",INDEX(Tubos!$C$4:$C$12,MIN(COUNTIF(Tubos!$C$4:$C$12,"<"&M31)+1,9)),IF(D31="PE",INDEX(Tubos!$C$15:$C$21,MIN(COUNTIF(Tubos!$C$15:$C$21,"<"&M31)+1,7)),INDEX(Tubos!$C$24:$C$33,MIN(COUNTIF(Tubos!$C$24:$C$33,"<"&M31)+1,10)))) | P31: =K31/1000/(PI()*(O31/1000)^2/4) | Q31: 30.4 | R31: =Q31*Datos!$B$17 | S31: =P31*O31/1000/IF(C31="AF",Datos!$B$46,Datos!$B$47) | T31: =IF(S31<=0,0,0.25/(LOG10(Datos!$B$48/(3.7*O31/1000)+5.74/S31^0.9))^2) | U31: =IF(R31=0,0,T31*R31/(O31/1000)*P31^2/(2*Datos!$B$45)) | V31: 0 | W31: =V31*P31^2/(2*Datos!$B$45) | X31: =U31+W31
A32: MBR8 | B32: Montante bombeo E: tramo hasta planta 8 | C32: AF | D32: MC | E32: 48 | F32: 0 | G32: 4 | H32: 0 | I32: =IF(C32="AF",E32*Locales!$L$4+F32*Locales!$L$5+G32*Locales!$L$6,E32*Locales!$M$4+F32*Locales!$M$5+G32*Locales!$M$6)+H32 | J32: 0 | K32: =MAX(J32,IF(I32<=0,0,MIN(I32,IF(I32<=20,Datos!$B$25*I32^Datos!$C$25+Datos!$D$25,Datos!$B$26*I32^Datos!$C$26+Datos!$D$26)))) | L32: 1 | M32: =SQRT(4*K32/1000/(PI()*L32))*1000 | N32: =IF(D32="MC",INDEX(Tubos!$B$4:$B$12,MIN(COUNTIF(Tubos!$C$4:$C$12,"<"&M32)+1,9)),IF(D32="PE",INDEX(Tubos!$B$15:$B$21,MIN(COUNTIF(Tubos!$C$15:$C$21,"<"&M32)+1,7)),INDEX(Tubos!$B$24:$B$33,MIN(COUNTIF(Tubos!$C$24:$C$33,"<"&M32)+1,10)))) | O32: =IF(D32="MC",INDEX(Tubos!$C$4:$C$12,MIN(COUNTIF(Tubos!$C$4:$C$12,"<"&M32)+1,9)),IF(D32="PE",INDEX(Tubos!$C$15:$C$21,MIN(COUNTIF(Tubos!$C$15:$C$21,"<"&M32)+1,7)),INDEX(Tubos!$C$24:$C$33,MIN(COUNTIF(Tubos!$C$24:$C$33,"<"&M32)+1,10)))) | P32: =K32/1000/(PI()*(O32/1000)^2/4) | Q32: 30.4 | R32: =Q32*Datos!$B$17 | S32: =P32*O32/1000/IF(C32="AF",Datos!$B$46,Datos!$B$47) | T32: =IF(S32<=0,0,0.25/(LOG10(Datos!$B$48/(3.7*O32/1000)+5.74/S32^0.9))^2) | U32: =IF(R32=0,0,T32*R32/(O32/1000)*P32^2/(2*Datos!$B$45)) | V32: 0 | W32: =V32*P32^2/(2*Datos!$B$45) | X32: =U32+W32
A33: MBL9 | B33: Montante bombeo O: tramo hasta planta 9 | C33: AF | D33: MC | E33: 36 | F33: 6 | G33: 0 | H33: 0 | I33: =IF(C33="AF",E33*Locales!$L$4+F33*Locales!$L$5+G33*Locales!$L$6,E33*Locales!$M$4+F33*Locales!$M$5+G33*Locales!$M$6)+H33 | J33: 0 | K33: =MAX(J33,IF(I33<=0,0,MIN(I33,IF(I33<=20,Datos!$B$25*I33^Datos!$C$25+Datos!$D$25,Datos!$B$26*I33^Datos!$C$26+Datos!$D$26)))) | L33: 1 | M33: =SQRT(4*K33/1000/(PI()*L33))*1000 | N33: =IF(D33="MC",INDEX(Tubos!$B$4:$B$12,MIN(COUNTIF(Tubos!$C$4:$C$12,"<"&M33)+1,9)),IF(D33="PE",INDEX(Tubos!$B$15:$B$21,MIN(COUNTIF(Tubos!$C$15:$C$21,"<"&M33)+1,7)),INDEX(Tubos!$B$24:$B$33,MIN(COUNTIF(Tubos!$C$24:$C$33,"<"&M33)+1,10)))) | O33: =IF(D33="MC",INDEX(Tubos!$C$4:$C$12,MIN(COUNTIF(Tubos!$C$4:$C$12,"<"&M33)+1,9)),IF(D33="PE",INDEX(Tubos!$C$15:$C$21,MIN(COUNTIF(Tubos!$C$15:$C$21,"<"&M33)+1,7)),INDEX(Tubos!$C$24:$C$33,MIN(COUNTIF(Tubos!$C$24:$C$33,"<"&M33)+1,10)))) | P33: =K33/1000/(PI()*(O33/1000)^2/4) | Q33: 3.3 | R33: =Q33*Datos!$B$17 | S33: =P33*O33/1000/IF(C33="AF",Datos!$B$46,Datos!$B$47) | T33: =IF(S33<=0,0,0.25/(LOG10(Datos!$B$48/(3.7*O33/1000)+5.74/S33^0.9))^2) | U33: =IF(R33=0,0,T33*R33/(O33/1000)*P33^2/(2*Datos!$B$45)) | V33: 0 | W33: =V33*P33^2/(2*Datos!$B$45) | X33: =U33+W33
A34: MBR9 | B34: Montante bombeo E: tramo hasta planta 9 | C34: AF | D34: MC | E34: 36 | F34: 0 | G34: 3 | H34: 0 | I34: =IF(C34="AF",E34*Locales!$L$4+F34*Locales!$L$5+G34*Locales!$L$6,E34*Locales!$M$4+F34*Locales!$M$5+G34*Locales!$M$6)+H34 | J34: 0 | K34: =MAX(J34,IF(I34<=0,0,MIN(I34,IF(I34<=20,Datos!$B$25*I34^Datos!$C$25+Datos!$D$25,Datos!$B$26*I34^Datos!$C$26+Datos!$D$26)))) | L34: 1 | M34: =SQRT(4*K34/1000/(PI()*L34))*1000 | N34: =IF(D34="MC",INDEX(Tubos!$B$4:$B$12,MIN(COUNTIF(Tubos!$C$4:$C$12,"<"&M34)+1,9)),IF(D34="PE",INDEX(Tubos!$B$15:$B$21,MIN(COUNTIF(Tubos!$C$15:$C$21,"<"&M34)+1,7)),INDEX(Tubos!$B$24:$B$33,MIN(COUNTIF(Tubos!$C$24:$C$33,"<"&M34)+1,10)))) | O34: =IF(D34="MC",INDEX(Tubos!$C$4:$C$12,MIN(COUNTIF(Tubos!$C$4:$C$12,"<"&M34)+1,9)),IF(D34="PE",INDEX(Tubos!$C$15:$C$21,MIN(COUNTIF(Tubos!$C$15:$C$21,"<"&M34)+1,7)),INDEX(Tubos!$C$24:$C$33,MIN(COUNTIF(Tubos!$C$24:$C$33,"<"&M34)+1,10)))) | P34: =K34/1000/(PI()*(O34/1000)^2/4) | Q34: 3.3 | R34: =Q34*Datos!$B$17 | S34: =P34*O34/1000/IF(C34="AF",Datos!$B$46,Datos!$B$47) | T34: =IF(S34<=0,0,0.25/(LOG10(Datos!$B$48/(3.7*O34/1000)+5.74/S34^0.9))^2) | U34: =IF(R34=0,0,T34*R34/(O34/1000)*P34^2/(2*Datos!$B$45)) | V34: 0 | W34: =V34*P34^2/(2*Datos!$B$45) | X34: =U34+W34
A35: MBL10 | B35: Montante bombeo O: tramo hasta planta 10 | C35: AF | D35: MC | E35: 24 | F35: 4 | G35: 0 | H35: 0 | I35: =IF(C35="AF",E35*Locales!$L$4+F35*Locales!$L$5+G35*Locales!$L$6,E35*Locales!$M$4+F35*Locales!$M$5+G35*Locales!$M$6)+H35 | J35: 0 | K35: =MAX(J35,IF(I35<=0,0,MIN(I35,IF(I35<=20,Datos!$B$25*I35^Datos!$C$25+Datos!$D$25,Datos!$B$26*I35^Datos!$C$26+Datos!$D$26)))) | L35: 1 | M35: =SQRT(4*K35/1000/(PI()*L35))*1000 | N35: =IF(D35="MC",INDEX(Tubos!$B$4:$B$12,MIN(COUNTIF(Tubos!$C$4:$C$12,"<"&M35)+1,9)),IF(D35="PE",INDEX(Tubos!$B$15:$B$21,MIN(COUNTIF(Tubos!$C$15:$C$21,"<"&M35)+1,7)),INDEX(Tubos!$B$24:$B$33,MIN(COUNTIF(Tubos!$C$24:$C$33,"<"&M35)+1,10)))) | O35: =IF(D35="MC",INDEX(Tubos!$C$4:$C$12,MIN(COUNTIF(Tubos!$C$4:$C$12,"<"&M35)+1,9)),IF(D35="PE",INDEX(Tubos!$C$15:$C$21,MIN(COUNTIF(Tubos!$C$15:$C$21,"<"&M35)+1,7)),INDEX(Tubos!$C$24:$C$33,MIN(COUNTIF(Tubos!$C$24:$C$33,"<"&M35)+1,10)))) | P35: =K35/1000/(PI()*(O35/1000)^2/4) | Q35: 3.3 | R35: =Q35*Datos!$B$17 | S35: =P35*O35/1000/IF(C35="AF",Datos!$B$46,Datos!$B$47) | T35: =IF(S35<=0,0,0.25/(LOG10(Datos!$B$48/(3.7*O35/1000)+5.74/S35^0.9))^2) | U35: =IF(R35=0,0,T35*R35/(O35/1000)*P35^2/(2*Datos!$B$45)) | V35: 0 | W35: =V35*P35^2/(2*Datos!$B$45) | X35: =U35+W35
A36: MBR10 | B36: Montante bombeo E: tramo hasta planta 10 | C36: AF | D36: MC | E36: 24 | F36: 0 | G36: 2 | H36: 0 | I36: =IF(C36="AF",E36*Locales!$L$4+F36*Locales!$L$5+G36*Locales!$L$6,E36*Locales!$M$4+F36*Locales!$M$5+G36*Locales!$M$6)+H36 | J36: 0 | K36: =MAX(J36,IF(I36<=0,0,MIN(I36,IF(I36<=20,Datos!$B$25*I36^Datos!$C$25+Datos!$D$25,Datos!$B$26*I36^Datos!$C$26+Datos!$D$26)))) | L36: 1 | M36: =SQRT(4*K36/1000/(PI()*L36))*1000 | N36: =IF(D36="MC",INDEX(Tubos!$B$4:$B$12,MIN(COUNTIF(Tubos!$C$4:$C$12,"<"&M36)+1,9)),IF(D36="PE",INDEX(Tubos!$B$15:$B$21,MIN(COUNTIF(Tubos!$C$15:$C$21,"<"&M36)+1,7)),INDEX(Tubos!$B$24:$B$33,MIN(COUNTIF(Tubos!$C$24:$C$33,"<"&M36)+1,10)))) | O36: =IF(D36="MC",INDEX(Tubos!$C$4:$C$12,MIN(COUNTIF(Tubos!$C$4:$C$12,"<"&M36)+1,9)),IF(D36="PE",INDEX(Tubos!$C$15:$C$21,MIN(COUNTIF(Tubos!$C$15:$C$21,"<"&M36)+1,7)),INDEX(Tubos!$C$24:$C$33,MIN(COUNTIF(Tubos!$C$24:$C$33,"<"&M36)+1,10)))) | P36: =K36/1000/(PI()*(O36/1000)^2/4) | Q36: 3.3 | R36: =Q36*Datos!$B$17 | S36: =P36*O36/1000/IF(C36="AF",Datos!$B$46,Datos!$B$47) | T36: =IF(S36<=0,0,0.25/(LOG10(Datos!$B$48/(3.7*O36/1000)+5.74/S36^0.9))^2) | U36: =IF(R36=0,0,T36*R36/(O36/1000)*P36^2/(2*Datos!$B$45)) | V36: 0 | W36: =V36*P36^2/(2*Datos!$B$45) | X36: =U36+W36
A37: MBL11 | B37: Montante bombeo O: tramo hasta planta 11 | C37: AF | D37: MC | E37: 12 | F37: 2 | G37: 0 | H37: 0 | I37: =IF(C37="AF",E37*Locales!$L$4+F37*Locales!$L$5+G37*Locales!$L$6,E37*Locales!$M$4+F37*Locales!$M$5+G37*Locales!$M$6)+H37 | J37: 0 | K37: =MAX(J37,IF(I37<=0,0,MIN(I37,IF(I37<=20,Datos!$B$25*I37^Datos!$C$25+Datos!$D$25,Datos!$B$26*I37^Datos!$C$26+Datos!$D$26)))) | L37: 1 | M37: =SQRT(4*K37/1000/(PI()*L37))*1000 | N37: =IF(D37="MC",INDEX(Tubos!$B$4:$B$12,MIN(COUNTIF(Tubos!$C$4:$C$12,"<"&M37)+1,9)),IF(D37="PE",INDEX(Tubos!$B$15:$B$21,MIN(COUNTIF(Tubos!$C$15:$C$21,"<"&M37)+1,7)),INDEX(Tubos!$B$24:$B$33,MIN(COUNTIF(Tubos!$C$24:$C$33,"<"&M37)+1,10)))) | O37: =IF(D37="MC",INDEX(Tubos!$C$4:$C$12,MIN(COUNTIF(Tubos!$C$4:$C$12,"<"&M37)+1,9)),IF(D37="PE",INDEX(Tubos!$C$15:$C$21,MIN(COUNTIF(Tubos!$C$15:$C$21,"<"&M37)+1,7)),INDEX(Tubos!$C$24:$C$33,MIN(COUNTIF(Tubos!$C$24:$C$33,"<"&M37)+1,10)))) | P37: =K37/1000/(PI()*(O37/1000)^2/4) | Q37: 3.3 | R37: =Q37*Datos!$B$17 | S37: =P37*O37/1000/IF(C37="AF",Datos!$B$46,Datos!$B$47) | T37: =IF(S37<=0,0,0.25/(LOG10(Datos!$B$48/(3.7*O37/1000)+5.74/S37^0.9))^2) | U37: =IF(R37=0,0,T37*R37/(O37/1000)*P37^2/(2*Datos!$B$45)) | V37: 0 | W37: =V37*P37^2/(2*Datos!$B$45) | X37: =U37+W37
A38: MBR11 | B38: Montante bombeo E: tramo hasta planta 11 | C38: AF | D38: MC | E38: 12 | F38: 0 | G38: 1 | H38: 0 | I38: =IF(C38="AF",E38*Locales!$L$4+F38*Locales!$L$5+G38*Locales!$L$6,E38*Locales!$M$4+F38*Locales!$M$5+G38*Locales!$M$6)+H38 | J38: 0 | K38: =MAX(J38,IF(I38<=0,0,MIN(I38,IF(I38<=20,Datos!$B$25*I38^Datos!$C$25+Datos!$D$25,Datos!$B$26*I38^Datos!$C$26+Datos!$D$26)))) | L38: 1 | M38: =SQRT(4*K38/1000/(PI()*L38))*1000 | N38: =IF(D38="MC",INDEX(Tubos!$B$4:$B$12,MIN(COUNTIF(Tubos!$C$4:$C$12,"<"&M38)+1,9)),IF(D38="PE",INDEX(Tubos!$B$15:$B$21,MIN(COUNTIF(Tubos!$C$15:$C$21,"<"&M38)+1,7)),INDEX(Tubos!$B$24:$B$33,MIN(COUNTIF(Tubos!$C$24:$C$33,"<"&M38)+1,10)))) | O38: =IF(D38="MC",INDEX(Tubos!$C$4:$C$12,MIN(COUNTIF(Tubos!$C$4:$C$12,"<"&M38)+1,9)),IF(D38="PE",INDEX(Tubos!$C$15:$C$21,MIN(COUNTIF(Tubos!$C$15:$C$21,"<"&M38)+1,7)),INDEX(Tubos!$C$24:$C$33,MIN(COUNTIF(Tubos!$C$24:$C$33,"<"&M38)+1,10)))) | P38: =K38/1000/(PI()*(O38/1000)^2/4) | Q38: 3.3 | R38: =Q38*Datos!$B$17 | S38: =P38*O38/1000/IF(C38="AF",Datos!$B$46,Datos!$B$47) | T38: =IF(S38<=0,0,0.25/(LOG10(Datos!$B$48/(3.7*O38/1000)+5.74/S38^0.9))^2) | U38: =IF(R38=0,0,T38*R38/(O38/1000)*P38^2/(2*Datos!$B$45)) | V38: 0 | W38: =V38*P38^2/(2*Datos!$B$45) | X38: =U38+W38
A39: RL1 | B39: Ramal planta O: patinillo → nudo hab. B1 | C39: AF | D39: MC | E39: 12 | F39: 2 | G39: 0 | H39: 0 | I39: =IF(C39="AF",E39*Locales!$L$4+F39*Locales!$L$5+G39*Locales!$L$6,E39*Locales!$M$4+F39*Locales!$M$5+G39*Locales!$M$6)+H39 | J39: 0 | K39: =MAX(J39,IF(I39<=0,0,MIN(I39,IF(I39<=20,Datos!$B$25*I39^Datos!$C$25+Datos!$D$25,Datos!$B$26*I39^Datos!$C$26+Datos!$D$26)))) | L39: 1 | M39: =SQRT(4*K39/1000/(PI()*L39))*1000 | N39: =IF(D39="MC",INDEX(Tubos!$B$4:$B$12,MIN(COUNTIF(Tubos!$C$4:$C$12,"<"&M39)+1,9)),IF(D39="PE",INDEX(Tubos!$B$15:$B$21,MIN(COUNTIF(Tubos!$C$15:$C$21,"<"&M39)+1,7)),INDEX(Tubos!$B$24:$B$33,MIN(COUNTIF(Tubos!$C$24:$C$33,"<"&M39)+1,10)))) | O39: =IF(D39="MC",INDEX(Tubos!$C$4:$C$12,MIN(COUNTIF(Tubos!$C$4:$C$12,"<"&M39)+1,9)),IF(D39="PE",INDEX(Tubos!$C$15:$C$21,MIN(COUNTIF(Tubos!$C$15:$C$21,"<"&M39)+1,7)),INDEX(Tubos!$C$24:$C$33,MIN(COUNTIF(Tubos!$C$24:$C$33,"<"&M39)+1,10)))) | P39: =K39/1000/(PI()*(O39/1000)^2/4) | Q39: 3.9 | R39: =Q39*Datos!$B$17 | S39: =P39*O39/1000/IF(C39="AF",Datos!$B$46,Datos!$B$47) | T39: =IF(S39<=0,0,0.25/(LOG10(Datos!$B$48/(3.7*O39/1000)+5.74/S39^0.9))^2) | U39: =IF(R39=0,0,T39*R39/(O39/1000)*P39^2/(2*Datos!$B$45)) | V39: 0.3 | W39: =V39*P39^2/(2*Datos!$B$45) | X39: =U39+W39
A40: RL2 | B40: Ramal planta O: B1 → T1/B2 | C40: AF | D40: MC | E40: 10 | F40: 2 | G40: 0 | H40: 0 | I40: =IF(C40="AF",E40*Locales!$L$4+F40*Locales!$L$5+G40*Locales!$L$6,E40*Locales!$M$4+F40*Locales!$M$5+G40*Locales!$M$6)+H40 | J40: 0 | K40: =MAX(J40,IF(I40<=0,0,MIN(I40,IF(I40<=20,Datos!$B$25*I40^Datos!$C$25+Datos!$D$25,Datos!$B$26*I40^Datos!$C$26+Datos!$D$26)))) | L40: 1 | M40: =SQRT(4*K40/1000/(PI()*L40))*1000 | N40: =IF(D40="MC",INDEX(Tubos!$B$4:$B$12,MIN(COUNTIF(Tubos!$C$4:$C$12,"<"&M40)+1,9)),IF(D40="PE",INDEX(Tubos!$B$15:$B$21,MIN(COUNTIF(Tubos!$C$15:$C$21,"<"&M40)+1,7)),INDEX(Tubos!$B$24:$B$33,MIN(COUNTIF(Tubos!$C$24:$C$33,"<"&M40)+1,10)))) | O40: =IF(D40="MC",INDEX(Tubos!$C$4:$C$12,MIN(COUNTIF(Tubos!$C$4:$C$12,"<"&M40)+1,9)),IF(D40="PE",INDEX(Tubos!$C$15:$C$21,MIN(COUNTIF(Tubos!$C$15:$C$21,"<"&M40)+1,7)),INDEX(Tubos!$C$24:$C$33,MIN(COUNTIF(Tubos!$C$24:$C$33,"<"&M40)+1,10)))) | P40: =K40/1000/(PI()*(O40/1000)^2/4) | Q40: 6.4 | R40: =Q40*Datos!$B$17 | S40: =P40*O40/1000/IF(C40="AF",Datos!$B$46,Datos!$B$47) | T40: =IF(S40<=0,0,0.25/(LOG10(Datos!$B$48/(3.7*O40/1000)+5.74/S40^0.9))^2) | U40: =IF(R40=0,0,T40*R40/(O40/1000)*P40^2/(2*Datos!$B$45)) | V40: 0 | W40: =V40*P40^2/(2*Datos!$B$45) | X40: =U40+W40
... A61: H1 | B61: Hab.: entrada → derivación bañera | C61: AF | D61: MC | E61: 1 | F61: 0 | G61: 0 | H61: 0 | I61: =IF(C61="AF",E61*Locales!$L$4+F61*Locales!$L$5+G61*Locales!$L$6,E61*Locales!$M$4+F61*Locales!$M$5+G61*Locales!$M$6)+H61 | J61: 0 | K61: =MAX(J61,IF(I61<=0,0,MIN(I61,IF(I61<=20,Datos!$B$25*I61^Datos!$C$25+Datos!$D$25,Datos!$B$26*I61^Datos!$C$26+Datos!$D$26)))) | L61: 0.6 | M61: =SQRT(4*K61/1000/(PI()*L61))*1000 | N61: =IF(D61="MC",INDEX(Tubos!$B$4:$B$12,MIN(COUNTIF(Tubos!$C$4:$C$12,"<"&M61)+1,9)),IF(D61="PE",INDEX(Tubos!$B$15:$B$21,MIN(COUNTIF(Tubos!$C$15:$C$21,"<"&M61)+1,7)),INDEX(Tubos!$B$24:$B$33,MIN(COUNTIF(Tubos!$C$24:$C$33,"<"&M61)+1,10)))) | O61: =IF(D61="MC",INDEX(Tubos!$C$4:$C$12,MIN(COUNTIF(Tubos!$C$4:$C$12,"<"&M61)+1,9)),IF(D61="PE",INDEX(Tubos!$C$15:$C$21,MIN(COUNTIF(Tubos!$C$15:$C$21,"<"&M61)+1,7)),INDEX(Tubos!$C$24:$C$33,MIN(COUNTIF(Tubos!$C$24:$C$33,"<"&M61)+1,10)))) | P61: =K61/1000/(PI()*(O61/1000)^2/4) | Q61: 0.6 | R61: =Q61*Datos!$B$17 | S61: =P61*O61/1000/IF(C61="AF",Datos!$B$46,Datos!$B$47) | T61: =IF(S61<=0,0,0.25/(LOG10(Datos!$B$48/(3.7*O61/1000)+5.74/S61^0.9))^2) | U61: =IF(R61=0,0,T61*R61/(O61/1000)*P61^2/(2*Datos!$B$45)) | V61: 0 | W61: =V61*P61^2/(2*Datos!$B$45) | X61: =U61+W61
A62: H2 | B62: Hab.: → derivación inodoro (lav+bidé+inod.) | C62: AF | D62: MC | E62: 0 | F62: 0 | G62: 0 | H62: =Datos!$B$31+Datos!$B$34+Datos!$B$35 | I62: =IF(C62="AF",E62*Locales!$L$4+F62*Locales!$L$5+G62*Locales!$L$6,E62*Locales!$M$4+F62*Locales!$M$5+G62*Locales!$M$6)+H62 | J62: 0 | K62: =MAX(J62,IF(I62<=0,0,MIN(I62,IF(I62<=20,Datos!$B$25*I62^Datos!$C$25+Datos!$D$25,Datos!$B$26*I62^Datos!$C$26+Datos!$D$26)))) | L62: 0.6 | M62: =SQRT(4*K62/1000/(PI()*L62))*1000 | N62: =IF(D62="MC",INDEX(Tubos!$B$4:$B$12,MIN(COUNTIF(Tubos!$C$4:$C$12,"<"&M62)+1,9)),IF(D62="PE",INDEX(Tubos!$B$15:$B$21,MIN(COUNTIF(Tubos!$C$15:$C$21,"<"&M62)+1,7)),INDEX(Tubos!$B$24:$B$33,MIN(COUNTIF(Tubos!$C$24:$C$33,"<"&M62)+1,10)))) | O62: =IF(D62="MC",INDEX(Tubos!$C$4:$C$12,MIN(COUNTIF(Tubos!$C$4:$C$12,"<"&M62)+1,9)),IF(D62="PE",INDEX(Tubos!$C$15:$C$21,MIN(COUNTIF(Tubos!$C$15:$C$21,"<"&M62)+1,7)),INDEX(Tubos!$C$24:$C$33,MIN(COUNTIF(Tubos!$C$24:$C$33,"<"&M62)+1,10)))) | P62: =K62/1000/(PI()*(O62/1000)^2/4) | Q62: 0.4 | R62: =Q62*Datos!$B$17 | S62: =P62*O62/1000/IF(C62="AF",Datos!$B$46,Datos!$B$47) | T62: =IF(S62<=0,0,0.25/(LOG10(Datos!$B$48/(3.7*O62/1000)+5.74/S62^0.9))^2) | U62: =IF(R62=0,0,T62*R62/(O62/1000)*P62^2/(2*Datos!$B$45)) | V62: 0 | W62: =V62*P62^2/(2*Datos!$B$45) | X62: =U62+W62
A63: H3 | B63: Hab.: → derivación bidé (lav+bidé) | C63: AF | D63: MC | E63: 0 | F63: 0 | G63: 0 | H63: =Datos!$B$31+Datos!$B$34 | I63: =IF(C63="AF",E63*Locales!$L$4+F63*Locales!$L$5+G63*Locales!$L$6,E63*Locales!$M$4+F63*Locales!$M$5+G63*Locales!$M$6)+H63 | J63: 0 | K63: =MAX(J63,IF(I63<=0,0,MIN(I63,IF(I63<=20,Datos!$B$25*I63^Datos!$C$25+Datos!$D$25,Datos!$B$26*I63^Datos!$C$26+Datos!$D$26)))) | L63: 0.6 | M63: =SQRT(4*K63/1000/(PI()*L63))*1000 | N63: =IF(D63="MC",INDEX(Tubos!$B$4:$B$12,MIN(COUNTIF(Tubos!$C$4:$C$12,"<"&M63)+1,9)),IF(D63="PE",INDEX(Tubos!$B$15:$B$21,MIN(COUNTIF(Tubos!$C$15:$C$21,"<"&M63)+1,7)),INDEX(Tubos!$B$24:$B$33,MIN(COUNTIF(Tubos!$C$24:$C$33,"<"&M63)+1,10)))) | O63: =IF(D63="MC",INDEX(Tubos!$C$4:$C$12,MIN(COUNTIF(Tubos!$C$4:$C$12,"<"&M63)+1,9)),IF(D63="PE",INDEX(Tubos!$C$15:$C$21,MIN(COUNTIF(Tubos!$C$15:$C$21,"<"&M63)+1,7)),INDEX(Tubos!$C$24:$C$33,MIN(COUNTIF(Tubos!$C$24:$C$33,"<"&M63)+1,10)))) | P63: =K63/1000/(PI()*(O63/1000)^2/4) | Q63: 0.6 | R63: =Q63*Datos!$B$17 | S63: =P63*O63/1000/IF(C63="AF",Datos!$B$46,Datos!$B$47) | T63: =IF(S63<=0,0,0.25/(LOG10(Datos!$B$48/(3.7*O63/1000)+5.74/S63^0.9))^2) | U63: =IF(R63=0,0,T63*R63/(O63/1000)*P63^2/(2*Datos!$B$45)) | V63: 0 | W63: =V63*P63^2/(2*Datos!$B$45) | X63: =U63+W63
A64: H4 | B64: Hab.: → lavabo (incl. bajada a +0,60) | C64: AF | D64: MC | E64: 0 | F64: 0 | G64: 0 | H64: =Datos!$B$31 | I64: =IF(C64="AF",E64*Locales!$L$4+F64*Locales!$L$5+G64*Locales!$L$6,E64*Locales!$M$4+F64*Locales!$M$5+G64*Locales!$M$6)+H64 | J64: =Datos!$B$31 | K64: =MAX(J64,IF(I64<=0,0,MIN(I64,IF(I64<=20,Datos!$B$25*I64^Datos!$C$25+Datos!$D$25,Datos!$B$26*I64^Datos!$C$26+Datos!$D$26)))) | L64: 0.6 | M64: =SQRT(4*K64/1000/(PI()*L64))*1000 | N64: =IF(D64="MC",INDEX(Tubos!$B$4:$B$12,MIN(COUNTIF(Tubos!$C$4:$C$12,"<"&M64)+1,9)),IF(D64="PE",INDEX(Tubos!$B$15:$B$21,MIN(COUNTIF(Tubos!$C$15:$C$21,"<"&M64)+1,7)),INDEX(Tubos!$B$24:$B$33,MIN(COUNTIF(Tubos!$C$24:$C$33,"<"&M64)+1,10)))) | O64: =IF(D64="MC",INDEX(Tubos!$C$4:$C$12,MIN(COUNTIF(Tubos!$C$4:$C$12,"<"&M64)+1,9)),IF(D64="PE",INDEX(Tubos!$C$15:$C$21,MIN(COUNTIF(Tubos!$C$15:$C$21,"<"&M64)+1,7)),INDEX(Tubos!$C$24:$C$33,MIN(COUNTIF(Tubos!$C$24:$C$33,"<"&M64)+1,10)))) | P64: =K64/1000/(PI()*(O64/1000)^2/4) | Q64: 3.7 | R64: =Q64*Datos!$B$17 | S64: =P64*O64/1000/IF(C64="AF",Datos!$B$46,Datos!$B$47) | T64: =IF(S64<=0,0,0.25/(LOG10(Datos!$B$48/(3.7*O64/1000)+5.74/S64^0.9))^2) | U64: =IF(R64=0,0,T64*R64/(O64/1000)*P64^2/(2*Datos!$B$45)) | V64: 2 | W64: =V64*P64^2/(2*Datos!$B$45) | X64: =U64+W64
A65: H5 | B65: Hab.: derivación → bañera (incl. bajada) | C65: AF | D65: MC | E65: 0 | F65: 0 | G65: 0 | H65: =Datos!$B$33 | I65: =IF(C65="AF",E65*Locales!$L$4+F65*Locales!$L$5+G65*Locales!$L$6,E65*Locales!$M$4+F65*Locales!$M$5+G65*Locales!$M$6)+H65 | J65: =Datos!$B$33 | K65: =MAX(J65,IF(I65<=0,0,MIN(I65,IF(I65<=20,Datos!$B$25*I65^Datos!$C$25+Datos!$D$25,Datos!$B$26*I65^Datos!$C$26+Datos!$D$26)))) | L65: 0.6 | M65: =SQRT(4*K65/1000/(PI()*L65))*1000 | N65: =IF(D65="MC",INDEX(Tubos!$B$4:$B$12,MIN(COUNTIF(Tubos!$C$4:$C$12,"<"&M65)+1,9)),IF(D65="PE",INDEX(Tubos!$B$15:$B$21,MIN(COUNTIF(Tubos!$C$15:$C$21,"<"&M65)+1,7)),INDEX(Tubos!$B$24:$B$33,MIN(COUNTIF(Tubos!$C$24:$C$33,"<"&M65)+1,10)))) | O65: =IF(D65="MC",INDEX(Tubos!$C$4:$C$12,MIN(COUNTIF(Tubos!$C$4:$C$12,"<"&M65)+1,9)),IF(D65="PE",INDEX(Tubos!$C$15:$C$21,MIN(COUNTIF(Tubos!$C$15:$C$21,"<"&M65)+1,7)),INDEX(Tubos!$C$24:$C$33,MIN(COUNTIF(Tubos!$C$24:$C$33,"<"&M65)+1,10)))) | P65: =K65/1000/(PI()*(O65/1000)^2/4) | Q65: 2.4 | R65: =Q65*Datos!$B$17 | S65: =P65*O65/1000/IF(C65="AF",Datos!$B$46,Datos!$B$47) | T65: =IF(S65<=0,0,0.25/(LOG10(Datos!$B$48/(3.7*O65/1000)+5.74/S65^0.9))^2) | U65: =IF(R65=0,0,T65*R65/(O65/1000)*P65^2/(2*Datos!$B$45)) | V65: 2 | W65: =V65*P65^2/(2*Datos!$B$45) | X65: =U65+W65
A66: HC1 | B66: Hab.: entrada → derivación bañera | C66: ACS | D66: MC | E66: 1 | F66: 0 | G66: 0 | H66: 0 | I66: =IF(C66="AF",E66*Locales!$L$4+F66*Locales!$L$5+G66*Locales!$L$6,E66*Locales!$M$4+F66*Locales!$M$5+G66*Locales!$M$6)+H66 | J66: 0 | K66: =MAX(J66,IF(I66<=0,0,MIN(I66,IF(I66<=20,Datos!$B$25*I66^Datos!$C$25+Datos!$D$25,Datos!$B$26*I66^Datos!$C$26+Datos!$D$26)))) | L66: 0.6 | M66: =SQRT(4*K66/1000/(PI()*L66))*1000 | N66: =IF(D66="MC",INDEX(Tubos!$B$4:$B$12,MIN(COUNTIF(Tubos!$C$4:$C$12,"<"&M66)+1,9)),IF(D66="PE",INDEX(Tubos!$B$15:$B$21,MIN(COUNTIF(Tubos!$C$15:$C$21,"<"&M66)+1,7)),INDEX(Tubos!$B$24:$B$33,MIN(COUNTIF(Tubos!$C$24:$C$33,"<"&M66)+1,10)))) | O66: =IF(D66="MC",INDEX(Tubos!$C$4:$C$12,MIN(COUNTIF(Tubos!$C$4:$C$12,"<"&M66)+1,9)),IF(D66="PE",INDEX(Tubos!$C$15:$C$21,MIN(COUNTIF(Tubos!$C$15:$C$21,"<"&M66)+1,7)),INDEX(Tubos!$C$24:$C$33,MIN(COUNTIF(Tubos!$C$24:$C$33,"<"&M66)+1,10)))) | P66: =K66/1000/(PI()*(O66/1000)^2/4) | Q66: 0.6 | R66: =Q66*Datos!$B$17 | S66: =P66*O66/1000/IF(C66="AF",Datos!$B$46,Datos!$B$47) | T66: =IF(S66<=0,0,0.25/(LOG10(Datos!$B$48/(3.7*O66/1000)+5.74/S66^0.9))^2) | U66: =IF(R66=0,0,T66*R66/(O66/1000)*P66^2/(2*Datos!$B$45)) | V66: 0 | W66: =V66*P66^2/(2*Datos!$B$45) | X66: =U66+W66
A67: HC2 | B67: Hab.: → derivación bidé (lav+bidé) | C67: ACS | D67: MC | E67: 0 | F67: 0 | G67: 0 | H67: =Datos!$C$31+Datos!$C$34 | I67: =IF(C67="AF",E67*Locales!$L$4+F67*Locales!$L$5+G67*Locales!$L$6,E67*Locales!$M$4+F67*Locales!$M$5+G67*Locales!$M$6)+H67 | J67: 0 | K67: =MAX(J67,IF(I67<=0,0,MIN(I67,IF(I67<=20,Datos!$B$25*I67^Datos!$C$25+Datos!$D$25,Datos!$B$26*I67^Datos!$C$26+Datos!$D$26)))) | L67: 0.6 | M67: =SQRT(4*K67/1000/(PI()*L67))*1000 | N67: =IF(D67="MC",INDEX(Tubos!$B$4:$B$12,MIN(COUNTIF(Tubos!$C$4:$C$12,"<"&M67)+1,9)),IF(D67="PE",INDEX(Tubos!$B$15:$B$21,MIN(COUNTIF(Tubos!$C$15:$C$21,"<"&M67)+1,7)),INDEX(Tubos!$B$24:$B$33,MIN(COUNTIF(Tubos!$C$24:$C$33,"<"&M67)+1,10)))) | O67: =IF(D67="MC",INDEX(Tubos!$C$4:$C$12,MIN(COUNTIF(Tubos!$C$4:$C$12,"<"&M67)+1,9)),IF(D67="PE",INDEX(Tubos!$C$15:$C$21,MIN(COUNTIF(Tubos!$C$15:$C$21,"<"&M67)+1,7)),INDEX(Tubos!$C$24:$C$33,MIN(COUNTIF(Tubos!$C$24:$C$33,"<"&M67)+1,10)))) | P67: =K67/1000/(PI()*(O67/1000)^2/4) | Q67: 1 | R67: =Q67*Datos!$B$17 | S67: =P67*O67/1000/IF(C67="AF",Datos!$B$46,Datos!$B$47) | T67: =IF(S67<=0,0,0.25/(LOG10(Datos!$B$48/(3.7*O67/1000)+5.74/S67^0.9))^2) | U67: =IF(R67=0,0,T67*R67/(O67/1000)*P67^2/(2*Datos!$B$45)) | V67: 0 | W67: =V67*P67^2/(2*Datos!$B$45) | X67: =U67+W67
A68: HC3 | B68: Hab.: → lavabo (incl. bajada a +0,60) | C68: ACS | D68: MC | E68: 0 | F68: 0 | G68: 0 | H68: =Datos!$C$31 | I68: =IF(C68="AF",E68*Locales!$L$4+F68*Locales!$L$5+G68*Locales!$L$6,E68*Locales!$M$4+F68*Locales!$M$5+G68*Locales!$M$6)+H68 | J68: =Datos!$C$31 | K68: =MAX(J68,IF(I68<=0,0,MIN(I68,IF(I68<=20,Datos!$B$25*I68^Datos!$C$25+Datos!$D$25,Datos!$B$26*I68^Datos!$C$26+Datos!$D$26)))) | L68: 0.6 | M68: =SQRT(4*K68/1000/(PI()*L68))*1000 | N68: =IF(D68="MC",INDEX(Tubos!$B$4:$B$12,MIN(COUNTIF(Tubos!$C$4:$C$12,"<"&M68)+1,9)),IF(D68="PE",INDEX(Tubos!$B$15:$B$21,MIN(COUNTIF(Tubos!$C$15:$C$21,"<"&M68)+1,7)),INDEX(Tubos!$B$24:$B$33,MIN(COUNTIF(Tubos!$C$24:$C$33,"<"&M68)+1,10)))) | O68: =IF(D68="MC",INDEX(Tubos!$C$4:$C$12,MIN(COUNTIF(Tubos!$C$4:$C$12,"<"&M68)+1,9)),IF(D68="PE",INDEX(Tubos!$C$15:$C$21,MIN(COUNTIF(Tubos!$C$15:$C$21,"<"&M68)+1,7)),INDEX(Tubos!$C$24:$C$33,MIN(COUNTIF(Tubos!$C$24:$C$33,"<"&M68)+1,10)))) | P68: =K68/1000/(PI()*(O68/1000)^2/4) | Q68: 3.7 | R68: =Q68*Datos!$B$17 | S68: =P68*O68/1000/IF(C68="AF",Datos!$B$46,Datos!$B$47) | T68: =IF(S68<=0,0,0.25/(LOG10(Datos!$B$48/(3.7*O68/1000)+5.74/S68^0.9))^2) | U68: =IF(R68=0,0,T68*R68/(O68/1000)*P68^2/(2*Datos!$B$45)) | V68: 2 | W68: =V68*P68^2/(2*Datos!$B$45) | X68: =U68+W68
A69: HC4 | B69: Hab.: derivación → bañera (incl. bajada) | C69: ACS | D69: MC | E69: 0 | F69: 0 | G69: 0 | H69: =Datos!$C$33 | I69: =IF(C69="AF",E69*Locales!$L$4+F69*Locales!$L$5+G69*Locales!$L$6,E69*Locales!$M$4+F69*Locales!$M$5+G69*Locales!$M$6)+H69 | J69: =Datos!$C$33 | K69: =MAX(J69,IF(I69<=0,0,MIN(I69,IF(I69<=20,Datos!$B$25*I69^Datos!$C$25+Datos!$D$25,Datos!$B$26*I69^Datos!$C$26+Datos!$D$26)))) | L69: 0.6 | M69: =SQRT(4*K69/1000/(PI()*L69))*1000 | N69: =IF(D69="MC",INDEX(Tubos!$B$4:$B$12,MIN(COUNTIF(Tubos!$C$4:$C$12,"<"&M69)+1,9)),IF(D69="PE",INDEX(Tubos!$B$15:$B$21,MIN(COUNTIF(Tubos!$C$15:$C$21,"<"&M69)+1,7)),INDEX(Tubos!$B$24:$B$33,MIN(COUNTIF(Tubos!$C$24:$C$33,"<"&M69)+1,10)))) | O69: =IF(D69="MC",INDEX(Tubos!$C$4:$C$12,MIN(COUNTIF(Tubos!$C$4:$C$12,"<"&M69)+1,9)),IF(D69="PE",INDEX(Tubos!$C$15:$C$21,MIN(COUNTIF(Tubos!$C$15:$C$21,"<"&M69)+1,7)),INDEX(Tubos!$C$24:$C$33,MIN(COUNTIF(Tubos!$C$24:$C$33,"<"&M69)+1,10)))) | P69: =K69/1000/(PI()*(O69/1000)^2/4) | Q69: 2.4 | R69: =Q69*Datos!$B$17 | S69: =P69*O69/1000/IF(C69="AF",Datos!$B$46,Datos!$B$47) | T69: =IF(S69<=0,0,0.25/(LOG10(Datos!$B$48/(3.7*O69/1000)+5.74/S69^0.9))^2) | U69: =IF(R69=0,0,T69*R69/(O69/1000)*P69^2/(2*Datos!$B$45)) | V69: 2 | W69: =V69*P69^2/(2*Datos!$B$45) | X69: =U69+W69
A70: BC1 | B70: Alimentación AF a producción ACS (grupo → cuarto ACS) | C70: AF | D70: MC | E70: 0 | F70: 0 | G70: 0 | H70: =Plantas!$R$17 | I70: =IF(C70="AF",E70*Locales!$L$4+F70*Locales!$L$5+G70*Locales!$L$6,E70*Locales!$M$4+F70*Locales!$M$5+G70*Locales!$M$6)+H70 | J70: 0 | K70: =MAX(J70,IF(I70<=0,0,MIN(I70,IF(I70<=20,Datos!$B$25*I70^Datos!$C$25+Datos!$D$25,Datos!$B$26*I70^Datos!$C$26+Datos!$D$26)))) | L70: 1 | M70: =SQRT(4*K70/1000/(PI()*L70))*1000 | N70: =IF(D70="MC",INDEX(Tubos!$B$4:$B$12,MIN(COUNTIF(Tubos!$C$4:$C$12,"<"&M70)+1,9)),IF(D70="PE",INDEX(Tubos!$B$15:$B$21,MIN(COUNTIF(Tubos!$C$15:$C$21,"<"&M70)+1,7)),INDEX(Tubos!$B$24:$B$33,MIN(COUNTIF(Tubos!$C$24:$C$33,"<"&M70)+1,10)))) | O70: =IF(D70="MC",INDEX(Tubos!$C$4:$C$12,MIN(COUNTIF(Tubos!$C$4:$C$12,"<"&M70)+1,9)),IF(D70="PE",INDEX(Tubos!$C$15:$C$21,MIN(COUNTIF(Tubos!$C$15:$C$21,"<"&M70)+1,7)),INDEX(Tubos!$C$24:$C$33,MIN(COUNTIF(Tubos!$C$24:$C$33,"<"&M70)+1,10)))) | P70: =K70/1000/(PI()*(O70/1000)^2/4) | Q70: 8 | R70: =Q70*Datos!$B$17 | S70: =P70*O70/1000/IF(C70="AF",Datos!$B$46,Datos!$B$47) | T70: =IF(S70<=0,0,0.25/(LOG10(Datos!$B$48/(3.7*O70/1000)+5.74/S70^0.9))^2) | U70: =IF(R70=0,0,T70*R70/(O70/1000)*P70^2/(2*Datos!$B$45)) | V70: 2.8 | W70: =V70*P70^2/(2*Datos!$B$45) | X70: =U70+W70
A71: E5 | B71: Acumuladores ACS (entrada + salida) | C71: AF | D71: VAL | E71: 0 | F71: 0 | G71: 0 | H71: =Plantas!$R$17 | I71: =IF(C71="AF",E71*Locales!$L$4+F71*Locales!$L$5+G71*Locales!$L$6,E71*Locales!$M$4+F71*Locales!$M$5+G71*Locales!$M$6)+H71 | J71: 0 | K71: =MAX(J71,IF(I71<=0,0,MIN(I71,IF(I71<=20,Datos!$B$25*I71^Datos!$C$25+Datos!$D$25,Datos!$B$26*I71^Datos!$C$26+Datos!$D$26)))) | L71: 1 | M71: =SQRT(4*K71/1000/(PI()*L71))*1000 | N71: =IF(D71="MC",INDEX(Tubos!$B$4:$B$12,MIN(COUNTIF(Tubos!$C$4:$C$12,"<"&M71)+1,9)),IF(D71="PE",INDEX(Tubos!$B$15:$B$21,MIN(COUNTIF(Tubos!$C$15:$C$21,"<"&M71)+1,7)),INDEX(Tubos!$B$24:$B$33,MIN(COUNTIF(Tubos!$C$24:$C$33,"<"&M71)+1,10)))) | O71: =IF(D71="MC",INDEX(Tubos!$C$4:$C$12,MIN(COUNTIF(Tubos!$C$4:$C$12,"<"&M71)+1,9)),IF(D71="PE",INDEX(Tubos!$C$15:$C$21,MIN(COUNTIF(Tubos!$C$15:$C$21,"<"&M71)+1,7)),INDEX(Tubos!$C$24:$C$33,MIN(COUNTIF(Tubos!$C$24:$C$33,"<"&M71)+1,10)))) | P71: =K71/1000/(PI()*(O71/1000)^2/4) | Q71: 0 | R71: =Q71*Datos!$B$17 | S71: =P71*O71/1000/IF(C71="AF",Datos!$B$46,Datos!$B$47) | T71: =IF(S71<=0,0,0.25/(LOG10(Datos!$B$48/(3.7*O71/1000)+5.74/S71^0.9))^2) | U71: =IF(R71=0,0,T71*R71/(O71/1000)*P71^2/(2*Datos!$B$45)) | V71: 3 | W71: =V71*P71^2/(2*Datos!$B$45) | X71: =U71+W71
A72: CAL1 | B72: ACS alta: cuarto ACS → base patinillo O | C72: ACS | D72: MC | E72: 48 | F72: 8 | G72: 0 | H72: 0 | I72: =IF(C72="AF",E72*Locales!$L$4+F72*Locales!$L$5+G72*Locales!$L$6,E72*Locales!$M$4+F72*Locales!$M$5+G72*Locales!$M$6)+H72 | J72: 0 | K72: =MAX(J72,IF(I72<=0,0,MIN(I72,IF(I72<=20,Datos!$B$25*I72^Datos!$C$25+Datos!$D$25,Datos!$B$26*I72^Datos!$C$26+Datos!$D$26)))) | L72: 1 | M72: =SQRT(4*K72/1000/(PI()*L72))*1000 | N72: =IF(D72="MC",INDEX(Tubos!$B$4:$B$12,MIN(COUNTIF(Tubos!$C$4:$C$12,"<"&M72)+1,9)),IF(D72="PE",INDEX(Tubos!$B$15:$B$21,MIN(COUNTIF(Tubos!$C$15:$C$21,"<"&M72)+1,7)),INDEX(Tubos!$B$24:$B$33,MIN(COUNTIF(Tubos!$C$24:$C$33,"<"&M72)+1,10)))) | O72: =IF(D72="MC",INDEX(Tubos!$C$4:$C$12,MIN(COUNTIF(Tubos!$C$4:$C$12,"<"&M72)+1,9)),IF(D72="PE",INDEX(Tubos!$C$15:$C$21,MIN(COUNTIF(Tubos!$C$15:$C$21,"<"&M72)+1,7)),INDEX(Tubos!$C$24:$C$33,MIN(COUNTIF(Tubos!$C$24:$C$33,"<"&M72)+1,10)))) | P72: =K72/1000/(PI()*(O72/1000)^2/4) | Q72: 20.7 | R72: =Q72*Datos!$B$17 | S72: =P72*O72/1000/IF(C72="AF",Datos!$B$46,Datos!$B$47) | T72: =IF(S72<=0,0,0.25/(LOG10(Datos!$B$48/(3.7*O72/1000)+5.74/S72^0.9))^2) | U72: =IF(R72=0,0,T72*R72/(O72/1000)*P72^2/(2*Datos!$B$45)) | V72: 0.3 | W72: =V72*P72^2/(2*Datos!$B$45) | X72: =U72+W72
A73: CAR1 | B73: ACS alta: cuarto ACS → base patinillo E | C73: ACS | D73: MC | E73: 48 | F73: 0 | G73: 4 | H73: 0 | I73: =IF(C73="AF",E73*Locales!$L$4+F73*Locales!$L$5+G73*Locales!$L$6,E73*Locales!$M$4+F73*Locales!$M$5+G73*Locales!$M$6)+H73 | J73: 0 | K73: =MAX(J73,IF(I73<=0,0,MIN(I73,IF(I73<=20,Datos!$B$25*I73^Datos!$C$25+Datos!$D$25,Datos!$B$26*I73^Datos!$C$26+Datos!$D$26)))) | L73: 1 | M73: =SQRT(4*K73/1000/(PI()*L73))*1000 | N73: =IF(D73="MC",INDEX(Tubos!$B$4:$B$12,MIN(COUNTIF(Tubos!$C$4:$C$12,"<"&M73)+1,9)),IF(D73="PE",INDEX(Tubos!$B$15:$B$21,MIN(COUNTIF(Tubos!$C$15:$C$21,"<"&M73)+1,7)),INDEX(Tubos!$B$24:$B$33,MIN(COUNTIF(Tubos!$C$24:$C$33,"<"&M73)+1,10)))) | O73: =IF(D73="MC",INDEX(Tubos!$C$4:$C$12,MIN(COUNTIF(Tubos!$C$4:$C$12,"<"&M73)+1,9)),IF(D73="PE",INDEX(Tubos!$C$15:$C$21,MIN(COUNTIF(Tubos!$C$15:$C$21,"<"&M73)+1,7)),INDEX(Tubos!$C$24:$C$33,MIN(COUNTIF(Tubos!$C$24:$C$33,"<"&M73)+1,10)))) | P73: =K73/1000/(PI()*(O73/1000)^2/4) | Q73: 39 | R73: =Q73*Datos!$B$17 | S73: =P73*O73/1000/IF(C73="AF",Datos!$B$46,Datos!$B$47) | T73: =IF(S73<=0,0,0.25/(LOG10(Datos!$B$48/(3.7*O73/1000)+5.74/S73^0.9))^2) | U73: =IF(R73=0,0,T73*R73/(O73/1000)*P73^2/(2*Datos!$B$45)) | V73: 0.3 | W73: =V73*P73^2/(2*Datos!$B$45) | X73: =U73+W73
A74: MCAL8 | B74: Montante ACS alta O: tramo hasta planta 8 | C74: ACS | D74: MC | E74: 48 | F74: 8 | G74: 0 | H74: 0 | I74: =IF(C74="AF",E74*Locales!$L$4+F74*Locales!$L$5+G74*Locales!$L$6,E74*Locales!$M$4+F74*Locales!$M$5+G74*Locales!$M$6)+H74 | J74: 0 | K74: =MAX(J74,IF(I74<=0,0,MIN(I74,IF(I74<=20,Datos!$B$25*I74^Datos!$C$25+Datos!$D$25,Datos!$B$26*I74^Datos!$C$26+Datos!$D$26)))) | L74: 1 | M74: =SQRT(4*K74/1000/(PI()*L74))*1000 | N74: =IF(D74="MC",INDEX(Tubos!$B$4:$B$12,MIN(COUNTIF(Tubos!$C$4:$C$12,"<"&M74)+1,9)),IF(D74="PE",INDEX(Tubos!$B$15:$B$21,MIN(COUNTIF(Tubos!$C$15:$C$21,"<"&M74)+1,7)),INDEX(Tubos!$B$24:$B$33,MIN(COUNTIF(Tubos!$C$24:$C$33,"<"&M74)+1,10)))) | O74: =IF(D74="MC",INDEX(Tubos!$C$4:$C$12,MIN(COUNTIF(Tubos!$C$4:$C$12,"<"&M74)+1,9)),IF(D74="PE",INDEX(Tubos!$C$15:$C$21,MIN(COUNTIF(Tubos!$C$15:$C$21,"<"&M74)+1,7)),INDEX(Tubos!$C$24:$C$33,MIN(COUNTIF(Tubos!$C$24:$C$33,"<"&M74)+1,10)))) | P74: =K74/1000/(PI()*(O74/1000)^2/4) | Q74: 30.4 | R74: =Q74*Datos!$B$17 | S74: =P74*O74/1000/IF(C74="AF",Datos!$B$46,Datos!$B$47) | T74: =IF(S74<=0,0,0.25/(LOG10(Datos!$B$48/(3.7*O74/1000)+5.74/S74^0.9))^2) | U74: =IF(R74=0,0,T74*R74/(O74/1000)*P74^2/(2*Datos!$B$45)) | V74: 0 | W74: =V74*P74^2/(2*Datos!$B$45) | X74: =U74+W74
A75: MCAR8 | B75: Montante ACS alta E: tramo hasta planta 8 | C75: ACS | D75: MC | E75: 48 | F75: 0 | G75: 4 | H75: 0 | I75: =IF(C75="AF",E75*Locales!$L$4+F75*Locales!$L$5+G75*Locales!$L$6,E75*Locales!$M$4+F75*Locales!$M$5+G75*Locales!$M$6)+H75 | J75: 0 | K75: =MAX(J75,IF(I75<=0,0,MIN(I75,IF(I75<=20,Datos!$B$25*I75^Datos!$C$25+Datos!$D$25,Datos!$B$26*I75^Datos!$C$26+Datos!$D$26)))) | L75: 1 | M75: =SQRT(4*K75/1000/(PI()*L75))*1000 | N75: =IF(D75="MC",INDEX(Tubos!$B$4:$B$12,MIN(COUNTIF(Tubos!$C$4:$C$12,"<"&M75)+1,9)),IF(D75="PE",INDEX(Tubos!$B$15:$B$21,MIN(COUNTIF(Tubos!$C$15:$C$21,"<"&M75)+1,7)),INDEX(Tubos!$B$24:$B$33,MIN(COUNTIF(Tubos!$C$24:$C$33,"<"&M75)+1,10)))) | O75: =IF(D75="MC",INDEX(Tubos!$C$4:$C$12,MIN(COUNTIF(Tubos!$C$4:$C$12,"<"&M75)+1,9)),IF(D75="PE",INDEX(Tubos!$C$15:$C$21,MIN(COUNTIF(Tubos!$C$15:$C$21,"<"&M75)+1,7)),INDEX(Tubos!$C$24:$C$33,MIN(COUNTIF(Tubos!$C$24:$C$33,"<"&M75)+1,10)))) | P75: =K75/1000/(PI()*(O75/1000)^2/4) | Q75: 30.4 | R75: =Q75*Datos!$B$17 | S75: =P75*O75/1000/IF(C75="AF",Datos!$B$46,Datos!$B$47) | T75: =IF(S75<=0,0,0.25/(LOG10(Datos!$B$48/(3.7*O75/1000)+5.74/S75^0.9))^2) | U75: =IF(R75=0,0,T75*R75/(O75/1000)*P75^2/(2*Datos!$B$45)) | V75: 0 | W75: =V75*P75^2/(2*Datos!$B$45) | X75: =U75+W75
A76: MCAL9 | B76: Montante ACS alta O: tramo hasta planta 9 | C76: ACS | D76: MC | E76: 36 | F76: 6 | G76: 0 | H76: 0 | I76: =IF(C76="AF",E76*Locales!$L$4+F76*Locales!$L$5+G76*Locales!$L$6,E76*Locales!$M$4+F76*Locales!$M$5+G76*Locales!$M$6)+H76 | J76: 0 | K76: =MAX(J76,IF(I76<=0,0,MIN(I76,IF(I76<=20,Datos!$B$25*I76^Datos!$C$25+Datos!$D$25,Datos!$B$26*I76^Datos!$C$26+Datos!$D$26)))) | L76: 1 | M76: =SQRT(4*K76/1000/(PI()*L76))*1000 | N76: =IF(D76="MC",INDEX(Tubos!$B$4:$B$12,MIN(COUNTIF(Tubos!$C$4:$C$12,"<"&M76)+1,9)),IF(D76="PE",INDEX(Tubos!$B$15:$B$21,MIN(COUNTIF(Tubos!$C$15:$C$21,"<"&M76)+1,7)),INDEX(Tubos!$B$24:$B$33,MIN(COUNTIF(Tubos!$C$24:$C$33,"<"&M76)+1,10)))) | O76: =IF(D76="MC",INDEX(Tubos!$C$4:$C$12,MIN(COUNTIF(Tubos!$C$4:$C$12,"<"&M76)+1,9)),IF(D76="PE",INDEX(Tubos!$C$15:$C$21,MIN(COUNTIF(Tubos!$C$15:$C$21,"<"&M76)+1,7)),INDEX(Tubos!$C$24:$C$33,MIN(COUNTIF(Tubos!$C$24:$C$33,"<"&M76)+1,10)))) | P76: =K76/1000/(PI()*(O76/1000)^2/4) | Q76: 3.3 | R76: =Q76*Datos!$B$17 | S76: =P76*O76/1000/IF(C76="AF",Datos!$B$46,Datos!$B$47) | T76: =IF(S76<=0,0,0.25/(LOG10(Datos!$B$48/(3.7*O76/1000)+5.74/S76^0.9))^2) | U76: =IF(R76=0,0,T76*R76/(O76/1000)*P76^2/(2*Datos!$B$45)) | V76: 0 | W76: =V76*P76^2/(2*Datos!$B$45) | X76: =U76+W76
A77: MCAR9 | B77: Montante ACS alta E: tramo hasta planta 9 | C77: ACS | D77: MC | E77: 36 | F77: 0 | G77: 3 | H77: 0 | I77: =IF(C77="AF",E77*Locales!$L$4+F77*Locales!$L$5+G77*Locales!$L$6,E77*Locales!$M$4+F77*Locales!$M$5+G77*Locales!$M$6)+H77 | J77: 0 | K77: =MAX(J77,IF(I77<=0,0,MIN(I77,IF(I77<=20,Datos!$B$25*I77^Datos!$C$25+Datos!$D$25,Datos!$B$26*I77^Datos!$C$26+Datos!$D$26)))) | L77: 1 | M77: =SQRT(4*K77/1000/(PI()*L77))*1000 | N77: =IF(D77="MC",INDEX(Tubos!$B$4:$B$12,MIN(COUNTIF(Tubos!$C$4:$C$12,"<"&M77)+1,9)),IF(D77="PE",INDEX(Tubos!$B$15:$B$21,MIN(COUNTIF(Tubos!$C$15:$C$21,"<"&M77)+1,7)),INDEX(Tubos!$B$24:$B$33,MIN(COUNTIF(Tubos!$C$24:$C$33,"<"&M77)+1,10)))) | O77: =IF(D77="MC",INDEX(Tubos!$C$4:$C$12,MIN(COUNTIF(Tubos!$C$4:$C$12,"<"&M77)+1,9)),IF(D77="PE",INDEX(Tubos!$C$15:$C$21,MIN(COUNTIF(Tubos!$C$15:$C$21,"<"&M77)+1,7)),INDEX(Tubos!$C$24:$C$33,MIN(COUNTIF(Tubos!$C$24:$C$33,"<"&M77)+1,10)))) | P77: =K77/1000/(PI()*(O77/1000)^2/4) | Q77: 3.3 | R77: =Q77*Datos!$B$17 | S77: =P77*O77/1000/IF(C77="AF",Datos!$B$46,Datos!$B$47) | T77: =IF(S77<=0,0,0.25/(LOG10(Datos!$B$48/(3.7*O77/1000)+5.74/S77^0.9))^2) | U77: =IF(R77=0,0,T77*R77/(O77/1000)*P77^2/(2*Datos!$B$45)) | V77: 0 | W77: =V77*P77^2/(2*Datos!$B$45) | X77: =U77+W77
A78: MCAL10 | B78: Montante ACS alta O: tramo hasta planta 10 | C78: ACS | D78: MC | E78: 24 | F78: 4 | G78: 0 | H78: 0 | I78: =IF(C78="AF",E78*Locales!$L$4+F78*Locales!$L$5+G78*Locales!$L$6,E78*Locales!$M$4+F78*Locales!$M$5+G78*Locales!$M$6)+H78 | J78: 0 | K78: =MAX(J78,IF(I78<=0,0,MIN(I78,IF(I78<=20,Datos!$B$25*I78^Datos!$C$25+Datos!$D$25,Datos!$B$26*I78^Datos!$C$26+Datos!$D$26)))) | L78: 1 | M78: =SQRT(4*K78/1000/(PI()*L78))*1000 | N78: =IF(D78="MC",INDEX(Tubos!$B$4:$B$12,MIN(COUNTIF(Tubos!$C$4:$C$12,"<"&M78)+1,9)),IF(D78="PE",INDEX(Tubos!$B$15:$B$21,MIN(COUNTIF(Tubos!$C$15:$C$21,"<"&M78)+1,7)),INDEX(Tubos!$B$24:$B$33,MIN(COUNTIF(Tubos!$C$24:$C$33,"<"&M78)+1,10)))) | O78: =IF(D78="MC",INDEX(Tubos!$C$4:$C$12,MIN(COUNTIF(Tubos!$C$4:$C$12,"<"&M78)+1,9)),IF(D78="PE",INDEX(Tubos!$C$15:$C$21,MIN(COUNTIF(Tubos!$C$15:$C$21,"<"&M78)+1,7)),INDEX(Tubos!$C$24:$C$33,MIN(COUNTIF(Tubos!$C$24:$C$33,"<"&M78)+1,10)))) | P78: =K78/1000/(PI()*(O78/1000)^2/4) | Q78: 3.3 | R78: =Q78*Datos!$B$17 | S78: =P78*O78/1000/IF(C78="AF",Datos!$B$46,Datos!$B$47) | T78: =IF(S78<=0,0,0.25/(LOG10(Datos!$B$48/(3.7*O78/1000)+5.74/S78^0.9))^2) | U78: =IF(R78=0,0,T78*R78/(O78/1000)*P78^2/(2*Datos!$B$45)) | V78: 0 | W78: =V78*P78^2/(2*Datos!$B$45) | X78: =U78+W78
A79: MCAR10 | B79: Montante ACS alta E: tramo hasta planta 10 | C79: ACS | D79: MC | E79: 24 | F79: 0 | G79: 2 | H79: 0 | I79: =IF(C79="AF",E79*Locales!$L$4+F79*Locales!$L$5+G79*Locales!$L$6,E79*Locales!$M$4+F79*Locales!$M$5+G79*Locales!$M$6)+H79 | J79: 0 | K79: =MAX(J79,IF(I79<=0,0,MIN(I79,IF(I79<=20,Datos!$B$25*I79^Datos!$C$25+Datos!$D$25,Datos!$B$26*I79^Datos!$C$26+Datos!$D$26)))) | L79: 1 | M79: =SQRT(4*K79/1000/(PI()*L79))*1000 | N79: =IF(D79="MC",INDEX(Tubos!$B$4:$B$12,MIN(COUNTIF(Tubos!$C$4:$C$12,"<"&M79)+1,9)),IF(D79="PE",INDEX(Tubos!$B$15:$B$21,MIN(COUNTIF(Tubos!$C$15:$C$21,"<"&M79)+1,7)),INDEX(Tubos!$B$24:$B$33,MIN(COUNTIF(Tubos!$C$24:$C$33,"<"&M79)+1,10)))) | O79: =IF(D79="MC",INDEX(Tubos!$C$4:$C$12,MIN(COUNTIF(Tubos!$C$4:$C$12,"<"&M79)+1,9)),IF(D79="PE",INDEX(Tubos!$C$15:$C$21,MIN(COUNTIF(Tubos!$C$15:$C$21,"<"&M79)+1,7)),INDEX(Tubos!$C$24:$C$33,MIN(COUNTIF(Tubos!$C$24:$C$33,"<"&M79)+1,10)))) | P79: =K79/1000/(PI()*(O79/1000)^2/4) | Q79: 3.3 | R79: =Q79*Datos!$B$17 | S79: =P79*O79/1000/IF(C79="AF",Datos!$B$46,Datos!$B$47) | T79: =IF(S79<=0,0,0.25/(LOG10(Datos!$B$48/(3.7*O79/1000)+5.74/S79^0.9))^2) | U79: =IF(R79=0,0,T79*R79/(O79/1000)*P79^2/(2*Datos!$B$45)) | V79: 0 | W79: =V79*P79^2/(2*Datos!$B$45) | X79: =U79+W79
A80: MCAL11 | B80: Montante ACS alta O: tramo hasta planta 11 | C80: ACS | D80: MC | E80: 12 | F80: 2 | G80: 0 | H80: 0 | I80: =IF(C80="AF",E80*Locales!$L$4+F80*Locales!$L$5+G80*Locales!$L$6,E80*Locales!$M$4+F80*Locales!$M$5+G80*Locales!$M$6)+H80 | J80: 0 | K80: =MAX(J80,IF(I80<=0,0,MIN(I80,IF(I80<=20,Datos!$B$25*I80^Datos!$C$25+Datos!$D$25,Datos!$B$26*I80^Datos!$C$26+Datos!$D$26)))) | L80: 1 | M80: =SQRT(4*K80/1000/(PI()*L80))*1000 | N80: =IF(D80="MC",INDEX(Tubos!$B$4:$B$12,MIN(COUNTIF(Tubos!$C$4:$C$12,"<"&M80)+1,9)),IF(D80="PE",INDEX(Tubos!$B$15:$B$21,MIN(COUNTIF(Tubos!$C$15:$C$21,"<"&M80)+1,7)),INDEX(Tubos!$B$24:$B$33,MIN(COUNTIF(Tubos!$C$24:$C$33,"<"&M80)+1,10)))) | O80: =IF(D80="MC",INDEX(Tubos!$C$4:$C$12,MIN(COUNTIF(Tubos!$C$4:$C$12,"<"&M80)+1,9)),IF(D80="PE",INDEX(Tubos!$C$15:$C$21,MIN(COUNTIF(Tubos!$C$15:$C$21,"<"&M80)+1,7)),INDEX(Tubos!$C$24:$C$33,MIN(COUNTIF(Tubos!$C$24:$C$33,"<"&M80)+1,10)))) | P80: =K80/1000/(PI()*(O80/1000)^2/4) | Q80: 3.3 | R80: =Q80*Datos!$B$17 | S80: =P80*O80/1000/IF(C80="AF",Datos!$B$46,Datos!$B$47) | T80: =IF(S80<=0,0,0.25/(LOG10(Datos!$B$48/(3.7*O80/1000)+5.74/S80^0.9))^2) | U80: =IF(R80=0,0,T80*R80/(O80/1000)*P80^2/(2*Datos!$B$45)) | V80: 0 | W80: =V80*P80^2/(2*Datos!$B$45) | X80: =U80+W80
A81: MCAR11 | B81: Montante ACS alta E: tramo hasta planta 11 | C81: ACS | D81: MC | E81: 12 | F81: 0 | G81: 1 | H81: 0 | I81: =IF(C81="AF",E81*Locales!$L$4+F81*Locales!$L$5+G81*Locales!$L$6,E81*Locales!$M$4+F81*Locales!$M$5+G81*Locales!$M$6)+H81 | J81: 0 | K81: =MAX(J81,IF(I81<=0,0,MIN(I81,IF(I81<=20,Datos!$B$25*I81^Datos!$C$25+Datos!$D$25,Datos!$B$26*I81^Datos!$C$26+Datos!$D$26)))) | L81: 1 | M81: =SQRT(4*K81/1000/(PI()*L81))*1000 | N81: =IF(D81="MC",INDEX(Tubos!$B$4:$B$12,MIN(COUNTIF(Tubos!$C$4:$C$12,"<"&M81)+1,9)),IF(D81="PE",INDEX(Tubos!$B$15:$B$21,MIN(COUNTIF(Tubos!$C$15:$C$21,"<"&M81)+1,7)),INDEX(Tubos!$B$24:$B$33,MIN(COUNTIF(Tubos!$C$24:$C$33,"<"&M81)+1,10)))) | O81: =IF(D81="MC",INDEX(Tubos!$C$4:$C$12,MIN(COUNTIF(Tubos!$C$4:$C$12,"<"&M81)+1,9)),IF(D81="PE",INDEX(Tubos!$C$15:$C$21,MIN(COUNTIF(Tubos!$C$15:$C$21,"<"&M81)+1,7)),INDEX(Tubos!$C$24:$C$33,MIN(COUNTIF(Tubos!$C$24:$C$33,"<"&M81)+1,10)))) | P81: =K81/1000/(PI()*(O81/1000)^2/4) | Q81: 3.3 | R81: =Q81*Datos!$B$17 | S81: =P81*O81/1000/IF(C81="AF",Datos!$B$46,Datos!$B$47) | T81: =IF(S81<=0,0,0.25/(LOG10(Datos!$B$48/(3.7*O81/1000)+5.74/S81^0.9))^2) | U81: =IF(R81=0,0,T81*R81/(O81/1000)*P81^2/(2*Datos!$B$45)) | V81: 0 | W81: =V81*P81^2/(2*Datos!$B$45) | X81: =U81+W81
A82: CB0 | B82: ACS baja: colector tras válvula reductora (PB-P7) | C82: ACS | D82: MC | E82: 168 | F82: 14 | G82: 7 | H82: =Plantas!$R$5 | I82: =IF(C82="AF",E82*Locales!$L$4+F82*Locales!$L$5+G82*Locales!$L$6,E82*Locales!$M$4+F82*Locales!$M$5+G82*Locales!$M$6)+H82 | J82: 0 | K82: =MAX(J82,IF(I82<=0,0,MIN(I82,IF(I82<=20,Datos!$B$25*I82^Datos!$C$25+Datos!$D$25,Datos!$B$26*I82^Datos!$C$26+Datos!$D$26)))) | L82: 1 | M82: =SQRT(4*K82/1000/(PI()*L82))*1000 | N82: =IF(D82="MC",INDEX(Tubos!$B$4:$B$12,MIN(COUNTIF(Tubos!$C$4:$C$12,"<"&M82)+1,9)),IF(D82="PE",INDEX(Tubos!$B$15:$B$21,MIN(COUNTIF(Tubos!$C$15:$C$21,"<"&M82)+1,7)),INDEX(Tubos!$B$24:$B$33,MIN(COUNTIF(Tubos!$C$24:$C$33,"<"&M82)+1,10)))) | O82: =IF(D82="MC",INDEX(Tubos!$C$4:$C$12,MIN(COUNTIF(Tubos!$C$4:$C$12,"<"&M82)+1,9)),IF(D82="PE",INDEX(Tubos!$C$15:$C$21,MIN(COUNTIF(Tubos!$C$15:$C$21,"<"&M82)+1,7)),INDEX(Tubos!$C$24:$C$33,MIN(COUNTIF(Tubos!$C$24:$C$33,"<"&M82)+1,10)))) | P82: =K82/1000/(PI()*(O82/1000)^2/4) | Q82: 2 | R82: =Q82*Datos!$B$17 | S82: =P82*O82/1000/IF(C82="AF",Datos!$B$46,Datos!$B$47) | T82: =IF(S82<=0,0,0.25/(LOG10(Datos!$B$48/(3.7*O82/1000)+5.74/S82^0.9))^2) | U82: =IF(R82=0,0,T82*R82/(O82/1000)*P82^2/(2*Datos!$B$45)) | V82: 0.3 | W82: =V82*P82^2/(2*Datos!$B$45) | X82: =U82+W82
A83: CBL1 | B83: ACS baja: cuarto ACS → base patinillo O | C83: ACS | D83: MC | E83: 84 | F83: 14 | G83: 0 | H83: 0 | I83: =IF(C83="AF",E83*Locales!$L$4+F83*Locales!$L$5+G83*Locales!$L$6,E83*Locales!$M$4+F83*Locales!$M$5+G83*Locales!$M$6)+H83 | J83: 0 | K83: =MAX(J83,IF(I83<=0,0,MIN(I83,IF(I83<=20,Datos!$B$25*I83^Datos!$C$25+Datos!$D$25,Datos!$B$26*I83^Datos!$C$26+Datos!$D$26)))) | L83: 1 | M83: =SQRT(4*K83/1000/(PI()*L83))*1000 | N83: =IF(D83="MC",INDEX(Tubos!$B$4:$B$12,MIN(COUNTIF(Tubos!$C$4:$C$12,"<"&M83)+1,9)),IF(D83="PE",INDEX(Tubos!$B$15:$B$21,MIN(COUNTIF(Tubos!$C$15:$C$21,"<"&M83)+1,7)),INDEX(Tubos!$B$24:$B$33,MIN(COUNTIF(Tubos!$C$24:$C$33,"<"&M83)+1,10)))) | O83: =IF(D83="MC",INDEX(Tubos!$C$4:$C$12,MIN(COUNTIF(Tubos!$C$4:$C$12,"<"&M83)+1,9)),IF(D83="PE",INDEX(Tubos!$C$15:$C$21,MIN(COUNTIF(Tubos!$C$15:$C$21,"<"&M83)+1,7)),INDEX(Tubos!$C$24:$C$33,MIN(COUNTIF(Tubos!$C$24:$C$33,"<"&M83)+1,10)))) | P83: =K83/1000/(PI()*(O83/1000)^2/4) | Q83: 20.7 | R83: =Q83*Datos!$B$17 | S83: =P83*O83/1000/IF(C83="AF",Datos!$B$46,Datos!$B$47) | T83: =IF(S83<=0,0,0.25/(LOG10(Datos!$B$48/(3.7*O83/1000)+5.74/S83^0.9))^2) | U83: =IF(R83=0,0,T83*R83/(O83/1000)*P83^2/(2*Datos!$B$45)) | V83: 0.3 | W83: =V83*P83^2/(2*Datos!$B$45) | X83: =U83+W83
A84: CBR1 | B84: ACS baja: cuarto ACS → base patinillo E | C84: ACS | D84: MC | E84: 84 | F84: 0 | G84: 7 | H84: 0 | I84: =IF(C84="AF",E84*Locales!$L$4+F84*Locales!$L$5+G84*Locales!$L$6,E84*Locales!$M$4+F84*Locales!$M$5+G84*Locales!$M$6)+H84 | J84: 0 | K84: =MAX(J84,IF(I84<=0,0,MIN(I84,IF(I84<=20,Datos!$B$25*I84^Datos!$C$25+Datos!$D$25,Datos!$B$26*I84^Datos!$C$26+Datos!$D$26)))) | L84: 1 | M84: =SQRT(4*K84/1000/(PI()*L84))*1000 | N84: =IF(D84="MC",INDEX(Tubos!$B$4:$B$12,MIN(COUNTIF(Tubos!$C$4:$C$12,"<"&M84)+1,9)),IF(D84="PE",INDEX(Tubos!$B$15:$B$21,MIN(COUNTIF(Tubos!$C$15:$C$21,"<"&M84)+1,7)),INDEX(Tubos!$B$24:$B$33,MIN(COUNTIF(Tubos!$C$24:$C$33,"<"&M84)+1,10)))) | O84: =IF(D84="MC",INDEX(Tubos!$C$4:$C$12,MIN(COUNTIF(Tubos!$C$4:$C$12,"<"&M84)+1,9)),IF(D84="PE",INDEX(Tubos!$C$15:$C$21,MIN(COUNTIF(Tubos!$C$15:$C$21,"<"&M84)+1,7)),INDEX(Tubos!$C$24:$C$33,MIN(COUNTIF(Tubos!$C$24:$C$33,"<"&M84)+1,10)))) | P84: =K84/1000/(PI()*(O84/1000)^2/4) | Q84: 39 | R84: =Q84*Datos!$B$17 | S84: =P84*O84/1000/IF(C84="AF",Datos!$B$46,Datos!$B$47) | T84: =IF(S84<=0,0,0.25/(LOG10(Datos!$B$48/(3.7*O84/1000)+5.74/S84^0.9))^2) | U84: =IF(R84=0,0,T84*R84/(O84/1000)*P84^2/(2*Datos!$B$45)) | V84: 0.3 | W84: =V84*P84^2/(2*Datos!$B$45) | X84: =U84+W84
A85: MCBL1 | B85: Montante ACS baja O: tramo hasta planta 1 | C85: ACS | D85: MC | E85: 84 | F85: 14 | G85: 0 | H85: 0 | I85: =IF(C85="AF",E85*Locales!$L$4+F85*Locales!$L$5+G85*Locales!$L$6,E85*Locales!$M$4+F85*Locales!$M$5+G85*Locales!$M$6)+H85 | J85: 0 | K85: =MAX(J85,IF(I85<=0,0,MIN(I85,IF(I85<=20,Datos!$B$25*I85^Datos!$C$25+Datos!$D$25,Datos!$B$26*I85^Datos!$C$26+Datos!$D$26)))) | L85: 1 | M85: =SQRT(4*K85/1000/(PI()*L85))*1000 | N85: =IF(D85="MC",INDEX(Tubos!$B$4:$B$12,MIN(COUNTIF(Tubos!$C$4:$C$12,"<"&M85)+1,9)),IF(D85="PE",INDEX(Tubos!$B$15:$B$21,MIN(COUNTIF(Tubos!$C$15:$C$21,"<"&M85)+1,7)),INDEX(Tubos!$B$24:$B$33,MIN(COUNTIF(Tubos!$C$24:$C$33,"<"&M85)+1,10)))) | O85: =IF(D85="MC",INDEX(Tubos!$C$4:$C$12,MIN(COUNTIF(Tubos!$C$4:$C$12,"<"&M85)+1,9)),IF(D85="PE",INDEX(Tubos!$C$15:$C$21,MIN(COUNTIF(Tubos!$C$15:$C$21,"<"&M85)+1,7)),INDEX(Tubos!$C$24:$C$33,MIN(COUNTIF(Tubos!$C$24:$C$33,"<"&M85)+1,10)))) | P85: =K85/1000/(PI()*(O85/1000)^2/4) | Q85: 7.3 | R85: =Q85*Datos!$B$17 | S85: =P85*O85/1000/IF(C85="AF",Datos!$B$46,Datos!$B$47) | T85: =IF(S85<=0,0,0.25/(LOG10(Datos!$B$48/(3.7*O85/1000)+5.74/S85^0.9))^2) | U85: =IF(R85=0,0,T85*R85/(O85/1000)*P85^2/(2*Datos!$B$45)) | V85: 0 | W85: =V85*P85^2/(2*Datos!$B$45) | X85: =U85+W85
A86: MCBR1 | B86: Montante ACS baja E: tramo hasta planta 1 | C86: ACS | D86: MC | E86: 84 | F86: 0 | G86: 7 | H86: 0 | I86: =IF(C86="AF",E86*Locales!$L$4+F86*Locales!$L$5+G86*Locales!$L$6,E86*Locales!$M$4+F86*Locales!$M$5+G86*Locales!$M$6)+H86 | J86: 0 | K86: =MAX(J86,IF(I86<=0,0,MIN(I86,IF(I86<=20,Datos!$B$25*I86^Datos!$C$25+Datos!$D$25,Datos!$B$26*I86^Datos!$C$26+Datos!$D$26)))) | L86: 1 | M86: =SQRT(4*K86/1000/(PI()*L86))*1000 | N86: =IF(D86="MC",INDEX(Tubos!$B$4:$B$12,MIN(COUNTIF(Tubos!$C$4:$C$12,"<"&M86)+1,9)),IF(D86="PE",INDEX(Tubos!$B$15:$B$21,MIN(COUNTIF(Tubos!$C$15:$C$21,"<"&M86)+1,7)),INDEX(Tubos!$B$24:$B$33,MIN(COUNTIF(Tubos!$C$24:$C$33,"<"&M86)+1,10)))) | O86: =IF(D86="MC",INDEX(Tubos!$C$4:$C$12,MIN(COUNTIF(Tubos!$C$4:$C$12,"<"&M86)+1,9)),IF(D86="PE",INDEX(Tubos!$C$15:$C$21,MIN(COUNTIF(Tubos!$C$15:$C$21,"<"&M86)+1,7)),INDEX(Tubos!$C$24:$C$33,MIN(COUNTIF(Tubos!$C$24:$C$33,"<"&M86)+1,10)))) | P86: =K86/1000/(PI()*(O86/1000)^2/4) | Q86: 7.3 | R86: =Q86*Datos!$B$17 | S86: =P86*O86/1000/IF(C86="AF",Datos!$B$46,Datos!$B$47) | T86: =IF(S86<=0,0,0.25/(LOG10(Datos!$B$48/(3.7*O86/1000)+5.74/S86^0.9))^2) | U86: =IF(R86=0,0,T86*R86/(O86/1000)*P86^2/(2*Datos!$B$45)) | V86: 0 | W86: =V86*P86^2/(2*Datos!$B$45) | X86: =U86+W86
A87: MCBL2 | B87: Montante ACS baja O: tramo hasta planta 2 | C87: ACS | D87: MC | E87: 72 | F87: 12 | G87: 0 | H87: 0 | I87: =IF(C87="AF",E87*Locales!$L$4+F87*Locales!$L$5+G87*Locales!$L$6,E87*Locales!$M$4+F87*Locales!$M$5+G87*Locales!$M$6)+H87 | J87: 0 | K87: =MAX(J87,IF(I87<=0,0,MIN(I87,IF(I87<=20,Datos!$B$25*I87^Datos!$C$25+Datos!$D$25,Datos!$B$26*I87^Datos!$C$26+Datos!$D$26)))) | L87: 1 | M87: =SQRT(4*K87/1000/(PI()*L87))*1000 | N87: =IF(D87="MC",INDEX(Tubos!$B$4:$B$12,MIN(COUNTIF(Tubos!$C$4:$C$12,"<"&M87)+1,9)),IF(D87="PE",INDEX(Tubos!$B$15:$B$21,MIN(COUNTIF(Tubos!$C$15:$C$21,"<"&M87)+1,7)),INDEX(Tubos!$B$24:$B$33,MIN(COUNTIF(Tubos!$C$24:$C$33,"<"&M87)+1,10)))) | O87: =IF(D87="MC",INDEX(Tubos!$C$4:$C$12,MIN(COUNTIF(Tubos!$C$4:$C$12,"<"&M87)+1,9)),IF(D87="PE",INDEX(Tubos!$C$15:$C$21,MIN(COUNTIF(Tubos!$C$15:$C$21,"<"&M87)+1,7)),INDEX(Tubos!$C$24:$C$33,MIN(COUNTIF(Tubos!$C$24:$C$33,"<"&M87)+1,10)))) | P87: =K87/1000/(PI()*(O87/1000)^2/4) | Q87: 3.3 | R87: =Q87*Datos!$B$17 | S87: =P87*O87/1000/IF(C87="AF",Datos!$B$46,Datos!$B$47) | T87: =IF(S87<=0,0,0.25/(LOG10(Datos!$B$48/(3.7*O87/1000)+5.74/S87^0.9))^2) | U87: =IF(R87=0,0,T87*R87/(O87/1000)*P87^2/(2*Datos!$B$45)) | V87: 0 | W87: =V87*P87^2/(2*Datos!$B$45) | X87: =U87+W87
A88: MCBR2 | B88: Montante ACS baja E: tramo hasta planta 2 | C88: ACS | D88: MC | E88: 72 | F88: 0 | G88: 6 | H88: 0 | I88: =IF(C88="AF",E88*Locales!$L$4+F88*Locales!$L$5+G88*Locales!$L$6,E88*Locales!$M$4+F88*Locales!$M$5+G88*Locales!$M$6)+H88 | J88: 0 | K88: =MAX(J88,IF(I88<=0,0,MIN(I88,IF(I88<=20,Datos!$B$25*I88^Datos!$C$25+Datos!$D$25,Datos!$B$26*I88^Datos!$C$26+Datos!$D$26)))) | L88: 1 | M88: =SQRT(4*K88/1000/(PI()*L88))*1000 | N88: =IF(D88="MC",INDEX(Tubos!$B$4:$B$12,MIN(COUNTIF(Tubos!$C$4:$C$12,"<"&M88)+1,9)),IF(D88="PE",INDEX(Tubos!$B$15:$B$21,MIN(COUNTIF(Tubos!$C$15:$C$21,"<"&M88)+1,7)),INDEX(Tubos!$B$24:$B$33,MIN(COUNTIF(Tubos!$C$24:$C$33,"<"&M88)+1,10)))) | O88: =IF(D88="MC",INDEX(Tubos!$C$4:$C$12,MIN(COUNTIF(Tubos!$C$4:$C$12,"<"&M88)+1,9)),IF(D88="PE",INDEX(Tubos!$C$15:$C$21,MIN(COUNTIF(Tubos!$C$15:$C$21,"<"&M88)+1,7)),INDEX(Tubos!$C$24:$C$33,MIN(COUNTIF(Tubos!$C$24:$C$33,"<"&M88)+1,10)))) | P88: =K88/1000/(PI()*(O88/1000)^2/4) | Q88: 3.3 | R88: =Q88*Datos!$B$17 | S88: =P88*O88/1000/IF(C88="AF",Datos!$B$46,Datos!$B$47) | T88: =IF(S88<=0,0,0.25/(LOG10(Datos!$B$48/(3.7*O88/1000)+5.74/S88^0.9))^2) | U88: =IF(R88=0,0,T88*R88/(O88/1000)*P88^2/(2*Datos!$B$45)) | V88: 0 | W88: =V88*P88^2/(2*Datos!$B$45) | X88: =U88+W88
A89: MCBL3 | B89: Montante ACS baja O: tramo hasta planta 3 | C89: ACS | D89: MC | E89: 60 | F89: 10 | G89: 0 | H89: 0 | I89: =IF(C89="AF",E89*Locales!$L$4+F89*Locales!$L$5+G89*Locales!$L$6,E89*Locales!$M$4+F89*Locales!$M$5+G89*Locales!$M$6)+H89 | J89: 0 | K89: =MAX(J89,IF(I89<=0,0,MIN(I89,IF(I89<=20,Datos!$B$25*I89^Datos!$C$25+Datos!$D$25,Datos!$B$26*I89^Datos!$C$26+Datos!$D$26)))) | L89: 1 | M89: =SQRT(4*K89/1000/(PI()*L89))*1000 | N89: =IF(D89="MC",INDEX(Tubos!$B$4:$B$12,MIN(COUNTIF(Tubos!$C$4:$C$12,"<"&M89)+1,9)),IF(D89="PE",INDEX(Tubos!$B$15:$B$21,MIN(COUNTIF(Tubos!$C$15:$C$21,"<"&M89)+1,7)),INDEX(Tubos!$B$24:$B$33,MIN(COUNTIF(Tubos!$C$24:$C$33,"<"&M89)+1,10)))) | O89: =IF(D89="MC",INDEX(Tubos!$C$4:$C$12,MIN(COUNTIF(Tubos!$C$4:$C$12,"<"&M89)+1,9)),IF(D89="PE",INDEX(Tubos!$C$15:$C$21,MIN(COUNTIF(Tubos!$C$15:$C$21,"<"&M89)+1,7)),INDEX(Tubos!$C$24:$C$33,MIN(COUNTIF(Tubos!$C$24:$C$33,"<"&M89)+1,10)))) | P89: =K89/1000/(PI()*(O89/1000)^2/4) | Q89: 3.3 | R89: =Q89*Datos!$B$17 | S89: =P89*O89/1000/IF(C89="AF",Datos!$B$46,Datos!$B$47) | T89: =IF(S89<=0,0,0.25/(LOG10(Datos!$B$48/(3.7*O89/1000)+5.74/S89^0.9))^2) | U89: =IF(R89=0,0,T89*R89/(O89/1000)*P89^2/(2*Datos!$B$45)) | V89: 0 | W89: =V89*P89^2/(2*Datos!$B$45) | X89: =U89+W89
A90: MCBR3 | B90: Montante ACS baja E: tramo hasta planta 3 | C90: ACS | D90: MC | E90: 60 | F90: 0 | G90: 5 | H90: 0 | I90: =IF(C90="AF",E90*Locales!$L$4+F90*Locales!$L$5+G90*Locales!$L$6,E90*Locales!$M$4+F90*Locales!$M$5+G90*Locales!$M$6)+H90 | J90: 0 | K90: =MAX(J90,IF(I90<=0,0,MIN(I90,IF(I90<=20,Datos!$B$25*I90^Datos!$C$25+Datos!$D$25,Datos!$B$26*I90^Datos!$C$26+Datos!$D$26)))) | L90: 1 | M90: =SQRT(4*K90/1000/(PI()*L90))*1000 | N90: =IF(D90="MC",INDEX(Tubos!$B$4:$B$12,MIN(COUNTIF(Tubos!$C$4:$C$12,"<"&M90)+1,9)),IF(D90="PE",INDEX(Tubos!$B$15:$B$21,MIN(COUNTIF(Tubos!$C$15:$C$21,"<"&M90)+1,7)),INDEX(Tubos!$B$24:$B$33,MIN(COUNTIF(Tubos!$C$24:$C$33,"<"&M90)+1,10)))) | O90: =IF(D90="MC",INDEX(Tubos!$C$4:$C$12,MIN(COUNTIF(Tubos!$C$4:$C$12,"<"&M90)+1,9)),IF(D90="PE",INDEX(Tubos!$C$15:$C$21,MIN(COUNTIF(Tubos!$C$15:$C$21,"<"&M90)+1,7)),INDEX(Tubos!$C$24:$C$33,MIN(COUNTIF(Tubos!$C$24:$C$33,"<"&M90)+1,10)))) | P90: =K90/1000/(PI()*(O90/1000)^2/4) | Q90: 3.3 | R90: =Q90*Datos!$B$17 | S90: =P90*O90/1000/IF(C90="AF",Datos!$B$46,Datos!$B$47) | T90: =IF(S90<=0,0,0.25/(LOG10(Datos!$B$48/(3.7*O90/1000)+5.74/S90^0.9))^2) | U90: =IF(R90=0,0,T90*R90/(O90/1000)*P90^2/(2*Datos!$B$45)) | V90: 0 | W90: =V90*P90^2/(2*Datos!$B$45) | X90: =U90+W90
A91: MCBL4 | B91: Montante ACS baja O: tramo hasta planta 4 | C91: ACS | D91: MC | E91: 48 | F91: 8 | G91: 0 | H91: 0 | I91: =IF(C91="AF",E91*Locales!$L$4+F91*Locales!$L$5+G91*Locales!$L$6,E91*Locales!$M$4+F91*Locales!$M$5+G91*Locales!$M$6)+H91 | J91: 0 | K91: =MAX(J91,IF(I91<=0,0,MIN(I91,IF(I91<=20,Datos!$B$25*I91^Datos!$C$25+Datos!$D$25,Datos!$B$26*I91^Datos!$C$26+Datos!$D$26)))) | L91: 1 | M91: =SQRT(4*K91/1000/(PI()*L91))*1000 | N91: =IF(D91="MC",INDEX(Tubos!$B$4:$B$12,MIN(COUNTIF(Tubos!$C$4:$C$12,"<"&M91)+1,9)),IF(D91="PE",INDEX(Tubos!$B$15:$B$21,MIN(COUNTIF(Tubos!$C$15:$C$21,"<"&M91)+1,7)),INDEX(Tubos!$B$24:$B$33,MIN(COUNTIF(Tubos!$C$24:$C$33,"<"&M91)+1,10)))) | O91: =IF(D91="MC",INDEX(Tubos!$C$4:$C$12,MIN(COUNTIF(Tubos!$C$4:$C$12,"<"&M91)+1,9)),IF(D91="PE",INDEX(Tubos!$C$15:$C$21,MIN(COUNTIF(Tubos!$C$15:$C$21,"<"&M91)+1,7)),INDEX(Tubos!$C$24:$C$33,MIN(COUNTIF(Tubos!$C$24:$C$33,"<"&M91)+1,10)))) | P91: =K91/1000/(PI()*(O91/1000)^2/4) | Q91: 3.3 | R91: =Q91*Datos!$B$17 | S91: =P91*O91/1000/IF(C91="AF",Datos!$B$46,Datos!$B$47) | T91: =IF(S91<=0,0,0.25/(LOG10(Datos!$B$48/(3.7*O91/1000)+5.74/S91^0.9))^2) | U91: =IF(R91=0,0,T91*R91/(O91/1000)*P91^2/(2*Datos!$B$45)) | V91: 0 | W91: =V91*P91^2/(2*Datos!$B$45) | X91: =U91+W91
A92: MCBR4 | B92: Montante ACS baja E: tramo hasta planta 4 | C92: ACS | D92: MC | E92: 48 | F92: 0 | G92: 4 | H92: 0 | I92: =IF(C92="AF",E92*Locales!$L$4+F92*Locales!$L$5+G92*Locales!$L$6,E92*Locales!$M$4+F92*Locales!$M$5+G92*Locales!$M$6)+H92 | J92: 0 | K92: =MAX(J92,IF(I92<=0,0,MIN(I92,IF(I92<=20,Datos!$B$25*I92^Datos!$C$25+Datos!$D$25,Datos!$B$26*I92^Datos!$C$26+Datos!$D$26)))) | L92: 1 | M92: =SQRT(4*K92/1000/(PI()*L92))*1000 | N92: =IF(D92="MC",INDEX(Tubos!$B$4:$B$12,MIN(COUNTIF(Tubos!$C$4:$C$12,"<"&M92)+1,9)),IF(D92="PE",INDEX(Tubos!$B$15:$B$21,MIN(COUNTIF(Tubos!$C$15:$C$21,"<"&M92)+1,7)),INDEX(Tubos!$B$24:$B$33,MIN(COUNTIF(Tubos!$C$24:$C$33,"<"&M92)+1,10)))) | O92: =IF(D92="MC",INDEX(Tubos!$C$4:$C$12,MIN(COUNTIF(Tubos!$C$4:$C$12,"<"&M92)+1,9)),IF(D92="PE",INDEX(Tubos!$C$15:$C$21,MIN(COUNTIF(Tubos!$C$15:$C$21,"<"&M92)+1,7)),INDEX(Tubos!$C$24:$C$33,MIN(COUNTIF(Tubos!$C$24:$C$33,"<"&M92)+1,10)))) | P92: =K92/1000/(PI()*(O92/1000)^2/4) | Q92: 3.3 | R92: =Q92*Datos!$B$17 | S92: =P92*O92/1000/IF(C92="AF",Datos!$B$46,Datos!$B$47) | T92: =IF(S92<=0,0,0.25/(LOG10(Datos!$B$48/(3.7*O92/1000)+5.74/S92^0.9))^2) | U92: =IF(R92=0,0,T92*R92/(O92/1000)*P92^2/(2*Datos!$B$45)) | V92: 0 | W92: =V92*P92^2/(2*Datos!$B$45) | X92: =U92+W92
A93: MCBL5 | B93: Montante ACS baja O: tramo hasta planta 5 | C93: ACS | D93: MC | E93: 36 | F93: 6 | G93: 0 | H93: 0 | I93: =IF(C93="AF",E93*Locales!$L$4+F93*Locales!$L$5+G93*Locales!$L$6,E93*Locales!$M$4+F93*Locales!$M$5+G93*Locales!$M$6)+H93 | J93: 0 | K93: =MAX(J93,IF(I93<=0,0,MIN(I93,IF(I93<=20,Datos!$B$25*I93^Datos!$C$25+Datos!$D$25,Datos!$B$26*I93^Datos!$C$26+Datos!$D$26)))) | L93: 1 | M93: =SQRT(4*K93/1000/(PI()*L93))*1000 | N93: =IF(D93="MC",INDEX(Tubos!$B$4:$B$12,MIN(COUNTIF(Tubos!$C$4:$C$12,"<"&M93)+1,9)),IF(D93="PE",INDEX(Tubos!$B$15:$B$21,MIN(COUNTIF(Tubos!$C$15:$C$21,"<"&M93)+1,7)),INDEX(Tubos!$B$24:$B$33,MIN(COUNTIF(Tubos!$C$24:$C$33,"<"&M93)+1,10)))) | O93: =IF(D93="MC",INDEX(Tubos!$C$4:$C$12,MIN(COUNTIF(Tubos!$C$4:$C$12,"<"&M93)+1,9)),IF(D93="PE",INDEX(Tubos!$C$15:$C$21,MIN(COUNTIF(Tubos!$C$15:$C$21,"<"&M93)+1,7)),INDEX(Tubos!$C$24:$C$33,MIN(COUNTIF(Tubos!$C$24:$C$33,"<"&M93)+1,10)))) | P93: =K93/1000/(PI()*(O93/1000)^2/4) | Q93: 3.3 | R93: =Q93*Datos!$B$17 | S93: =P93*O93/1000/IF(C93="AF",Datos!$B$46,Datos!$B$47) | T93: =IF(S93<=0,0,0.25/(LOG10(Datos!$B$48/(3.7*O93/1000)+5.74/S93^0.9))^2) | U93: =IF(R93=0,0,T93*R93/(O93/1000)*P93^2/(2*Datos!$B$45)) | V93: 0 | W93: =V93*P93^2/(2*Datos!$B$45) | X93: =U93+W93
A94: MCBR5 | B94: Montante ACS baja E: tramo hasta planta 5 | C94: ACS | D94: MC | E94: 36 | F94: 0 | G94: 3 | H94: 0 | I94: =IF(C94="AF",E94*Locales!$L$4+F94*Locales!$L$5+G94*Locales!$L$6,E94*Locales!$M$4+F94*Locales!$M$5+G94*Locales!$M$6)+H94 | J94: 0 | K94: =MAX(J94,IF(I94<=0,0,MIN(I94,IF(I94<=20,Datos!$B$25*I94^Datos!$C$25+Datos!$D$25,Datos!$B$26*I94^Datos!$C$26+Datos!$D$26)))) | L94: 1 | M94: =SQRT(4*K94/1000/(PI()*L94))*1000 | N94: =IF(D94="MC",INDEX(Tubos!$B$4:$B$12,MIN(COUNTIF(Tubos!$C$4:$C$12,"<"&M94)+1,9)),IF(D94="PE",INDEX(Tubos!$B$15:$B$21,MIN(COUNTIF(Tubos!$C$15:$C$21,"<"&M94)+1,7)),INDEX(Tubos!$B$24:$B$33,MIN(COUNTIF(Tubos!$C$24:$C$33,"<"&M94)+1,10)))) | O94: =IF(D94="MC",INDEX(Tubos!$C$4:$C$12,MIN(COUNTIF(Tubos!$C$4:$C$12,"<"&M94)+1,9)),IF(D94="PE",INDEX(Tubos!$C$15:$C$21,MIN(COUNTIF(Tubos!$C$15:$C$21,"<"&M94)+1,7)),INDEX(Tubos!$C$24:$C$33,MIN(COUNTIF(Tubos!$C$24:$C$33,"<"&M94)+1,10)))) | P94: =K94/1000/(PI()*(O94/1000)^2/4) | Q94: 3.3 | R94: =Q94*Datos!$B$17 | S94: =P94*O94/1000/IF(C94="AF",Datos!$B$46,Datos!$B$47) | T94: =IF(S94<=0,0,0.25/(LOG10(Datos!$B$48/(3.7*O94/1000)+5.74/S94^0.9))^2) | U94: =IF(R94=0,0,T94*R94/(O94/1000)*P94^2/(2*Datos!$B$45)) | V94: 0 | W94: =V94*P94^2/(2*Datos!$B$45) | X94: =U94+W94
... A98: MCBR7 | B98: Montante ACS baja E: tramo hasta planta 7 | C98: ACS | D98: MC | E98: 12 | F98: 0 | G98: 1 | H98: 0 | I98: =IF(C98="AF",E98*Locales!$L$4+F98*Locales!$L$5+G98*Locales!$L$6,E98*Locales!$M$4+F98*Locales!$M$5+G98*Locales!$M$6)+H98 | J98: 0 | K98: =MAX(J98,IF(I98<=0,0,MIN(I98,IF(I98<=20,Datos!$B$25*I98^Datos!$C$25+Datos!$D$25,Datos!$B$26*I98^Datos!$C$26+Datos!$D$26)))) | L98: 1 | M98: =SQRT(4*K98/1000/(PI()*L98))*1000 | N98: =IF(D98="MC",INDEX(Tubos!$B$4:$B$12,MIN(COUNTIF(Tubos!$C$4:$C$12,"<"&M98)+1,9)),IF(D98="PE",INDEX(Tubos!$B$15:$B$21,MIN(COUNTIF(Tubos!$C$15:$C$21,"<"&M98)+1,7)),INDEX(Tubos!$B$24:$B$33,MIN(COUNTIF(Tubos!$C$24:$C$33,"<"&M98)+1,10)))) | O98: =IF(D98="MC",INDEX(Tubos!$C$4:$C$12,MIN(COUNTIF(Tubos!$C$4:$C$12,"<"&M98)+1,9)),IF(D98="PE",INDEX(Tubos!$C$15:$C$21,MIN(COUNTIF(Tubos!$C$15:$C$21,"<"&M98)+1,7)),INDEX(Tubos!$C$24:$C$33,MIN(COUNTIF(Tubos!$C$24:$C$33,"<"&M98)+1,10)))) | P98: =K98/1000/(PI()*(O98/1000)^2/4) | Q98: 3.3 | R98: =Q98*Datos!$B$17 | S98: =P98*O98/1000/IF(C98="AF",Datos!$B$46,Datos!$B$47) | T98: =IF(S98<=0,0,0.25/(LOG10(Datos!$B$48/(3.7*O98/1000)+5.74/S98^0.9))^2) | U98: =IF(R98=0,0,T98*R98/(O98/1000)*P98^2/(2*Datos!$B$45)) | V98: 0 | W98: =V98*P98^2/(2*Datos!$B$45) | X98: =U98+W98
A99: PBW | B99: PB: cuarto → aseos públicos (O) | C99: AF | D99: MC | E99: 0 | F99: 0 | G99: 0 | H99: =Locales!$L$7+Locales!$L$8 | I99: =IF(C99="AF",E99*Locales!$L$4+F99*Locales!$L$5+G99*Locales!$L$6,E99*Locales!$M$4+F99*Locales!$M$5+G99*Locales!$M$6)+H99 | J99: 0 | K99: =MAX(J99,IF(I99<=0,0,MIN(I99,IF(I99<=20,Datos!$B$25*I99^Datos!$C$25+Datos!$D$25,Datos!$B$26*I99^Datos!$C$26+Datos!$D$26)))) | L99: 1 | M99: =SQRT(4*K99/1000/(PI()*L99))*1000 | N99: =IF(D99="MC",INDEX(Tubos!$B$4:$B$12,MIN(COUNTIF(Tubos!$C$4:$C$12,"<"&M99)+1,9)),IF(D99="PE",INDEX(Tubos!$B$15:$B$21,MIN(COUNTIF(Tubos!$C$15:$C$21,"<"&M99)+1,7)),INDEX(Tubos!$B$24:$B$33,MIN(COUNTIF(Tubos!$C$24:$C$33,"<"&M99)+1,10)))) | O99: =IF(D99="MC",INDEX(Tubos!$C$4:$C$12,MIN(COUNTIF(Tubos!$C$4:$C$12,"<"&M99)+1,9)),IF(D99="PE",INDEX(Tubos!$C$15:$C$21,MIN(COUNTIF(Tubos!$C$15:$C$21,"<"&M99)+1,7)),INDEX(Tubos!$C$24:$C$33,MIN(COUNTIF(Tubos!$C$24:$C$33,"<"&M99)+1,10)))) | P99: =K99/1000/(PI()*(O99/1000)^2/4) | Q99: 12 | R99: =Q99*Datos!$B$17 | S99: =P99*O99/1000/IF(C99="AF",Datos!$B$46,Datos!$B$47) | T99: =IF(S99<=0,0,0.25/(LOG10(Datos!$B$48/(3.7*O99/1000)+5.74/S99^0.9))^2) | U99: =IF(R99=0,0,T99*R99/(O99/1000)*P99^2/(2*Datos!$B$45)) | V99: 0.3 | W99: =V99*P99^2/(2*Datos!$B$45) | X99: =U99+W99
A100: PBE1 | B100: PB: cuarto → barra | C100: AF | D100: MC | E100: 0 | F100: 0 | G100: 0 | H100: =Plantas!$Q$5-Locales!$L$7-Locales!$L$8 | I100: =IF(C100="AF",E100*Locales!$L$4+F100*Locales!$L$5+G100*Locales!$L$6,E100*Locales!$M$4+F100*Locales!$M$5+G100*Locales!$M$6)+H100 | J100: 0 | K100: =MAX(J100,IF(I100<=0,0,MIN(I100,IF(I100<=20,Datos!$B$25*I100^Datos!$C$25+Datos!$D$25,Datos!$B$26*I100^Datos!$C$26+Datos!$D$26)))) | L100: 1 | M100: =SQRT(4*K100/1000/(PI()*L100))*1000 | N100: =IF(D100="MC",INDEX(Tubos!$B$4:$B$12,MIN(COUNTIF(Tubos!$C$4:$C$12,"<"&M100)+1,9)),IF(D100="PE",INDEX(Tubos!$B$15:$B$21,MIN(COUNTIF(Tubos!$C$15:$C$21,"<"&M100)+1,7)),INDEX(Tubos!$B$24:$B$33,MIN(COUNTIF(Tubos!$C$24:$C$33,"<"&M100)+1,10)))) | O100: =IF(D100="MC",INDEX(Tubos!$C$4:$C$12,MIN(COUNTIF(Tubos!$C$4:$C$12,"<"&M100)+1,9)),IF(D100="PE",INDEX(Tubos!$C$15:$C$21,MIN(COUNTIF(Tubos!$C$15:$C$21,"<"&M100)+1,7)),INDEX(Tubos!$C$24:$C$33,MIN(COUNTIF(Tubos!$C$24:$C$33,"<"&M100)+1,10)))) | P100: =K100/1000/(PI()*(O100/1000)^2/4) | Q100: 4 | R100: =Q100*Datos!$B$17 | S100: =P100*O100/1000/IF(C100="AF",Datos!$B$46,Datos!$B$47) | T100: =IF(S100<=0,0,0.25/(LOG10(Datos!$B$48/(3.7*O100/1000)+5.74/S100^0.9))^2) | U100: =IF(R100=0,0,T100*R100/(O100/1000)*P100^2/(2*Datos!$B$45)) | V100: 0.3 | W100: =V100*P100^2/(2*Datos!$B$45) | X100: =U100+W100
A101: PBE2 | B101: PB: barra → vestuarios | C101: AF | D101: MC | E101: 0 | F101: 0 | G101: 0 | H101: =Plantas!$Q$5-Locales!$L$7-Locales!$L$8-Locales!$L$11 | I101: =IF(C101="AF",E101*Locales!$L$4+F101*Locales!$L$5+G101*Locales!$L$6,E101*Locales!$M$4+F101*Locales!$M$5+G101*Locales!$M$6)+H101 | J101: 0 | K101: =MAX(J101,IF(I101<=0,0,MIN(I101,IF(I101<=20,Datos!$B$25*I101^Datos!$C$25+Datos!$D$25,Datos!$B$26*I101^Datos!$C$26+Datos!$D$26)))) | L101: 1 | M101: =SQRT(4*K101/1000/(PI()*L101))*1000 | N101: =IF(D101="MC",INDEX(Tubos!$B$4:$B$12,MIN(COUNTIF(Tubos!$C$4:$C$12,"<"&M101)+1,9)),IF(D101="PE",INDEX(Tubos!$B$15:$B$21,MIN(COUNTIF(Tubos!$C$15:$C$21,"<"&M101)+1,7)),INDEX(Tubos!$B$24:$B$33,MIN(COUNTIF(Tubos!$C$24:$C$33,"<"&M101)+1,10)))) | O101: =IF(D101="MC",INDEX(Tubos!$C$4:$C$12,MIN(COUNTIF(Tubos!$C$4:$C$12,"<"&M101)+1,9)),IF(D101="PE",INDEX(Tubos!$C$15:$C$21,MIN(COUNTIF(Tubos!$C$15:$C$21,"<"&M101)+1,7)),INDEX(Tubos!$C$24:$C$33,MIN(COUNTIF(Tubos!$C$24:$C$33,"<"&M101)+1,10)))) | P101: =K101/1000/(PI()*(O101/1000)^2/4) | Q101: 8.4 | R101: =Q101*Datos!$B$17 | S101: =P101*O101/1000/IF(C101="AF",Datos!$B$46,Datos!$B$47) | T101: =IF(S101<=0,0,0.25/(LOG10(Datos!$B$48/(3.7*O101/1000)+5.74/S101^0.9))^2) | U101: =IF(R101=0,0,T101*R101/(O101/1000)*P101^2/(2*Datos!$B$45)) | V101: 0 | W101: =V101*P101^2/(2*Datos!$B$45) | X101: =U101+W101
A102: PBE3 | B102: PB: vestuarios → cocina/c.frío/basuras | C102: AF | D102: MC | E102: 0 | F102: 0 | G102: 0 | H102: =Plantas!$Q$5-Locales!$L$7-Locales!$L$8-Locales!$L$11-Locales!$L$9-Locales!$L$10 | I102: =IF(C102="AF",E102*Locales!$L$4+F102*Locales!$L$5+G102*Locales!$L$6,E102*Locales!$M$4+F102*Locales!$M$5+G102*Locales!$M$6)+H102 | J102: 0 | K102: =MAX(J102,IF(I102<=0,0,MIN(I102,IF(I102<=20,Datos!$B$25*I102^Datos!$C$25+Datos!$D$25,Datos!$B$26*I102^Datos!$C$26+Datos!$D$26)))) | L102: 1 | M102: =SQRT(4*K102/1000/(PI()*L102))*1000 | N102: =IF(D102="MC",INDEX(Tubos!$B$4:$B$12,MIN(COUNTIF(Tubos!$C$4:$C$12,"<"&M102)+1,9)),IF(D102="PE",INDEX(Tubos!$B$15:$B$21,MIN(COUNTIF(Tubos!$C$15:$C$21,"<"&M102)+1,7)),INDEX(Tubos!$B$24:$B$33,MIN(COUNTIF(Tubos!$C$24:$C$33,"<"&M102)+1,10)))) | O102: =IF(D102="MC",INDEX(Tubos!$C$4:$C$12,MIN(COUNTIF(Tubos!$C$4:$C$12,"<"&M102)+1,9)),IF(D102="PE",INDEX(Tubos!$C$15:$C$21,MIN(COUNTIF(Tubos!$C$15:$C$21,"<"&M102)+1,7)),INDEX(Tubos!$C$24:$C$33,MIN(COUNTIF(Tubos!$C$24:$C$33,"<"&M102)+1,10)))) | P102: =K102/1000/(PI()*(O102/1000)^2/4) | Q102: 9 | R102: =Q102*Datos!$B$17 | S102: =P102*O102/1000/IF(C102="AF",Datos!$B$46,Datos!$B$47) | T102: =IF(S102<=0,0,0.25/(LOG10(Datos!$B$48/(3.7*O102/1000)+5.74/S102^0.9))^2) | U102: =IF(R102=0,0,T102*R102/(O102/1000)*P102^2/(2*Datos!$B$45)) | V102: 0 | W102: =V102*P102^2/(2*Datos!$B$45) | X102: =U102+W102
A103: PBE4 | B103: PB: cocina → oficio PB | C103: AF | D103: MC | E103: 5 | F103: 2 | G103: 1 | H103: 0 | I103: =IF(C103="AF",E103*Locales!$L$4+F103*Locales!$L$5+G103*Locales!$L$6,E103*Locales!$M$4+F103*Locales!$M$5+G103*Locales!$M$6)+H103 | J103: 0 | K103: =MAX(J103,IF(I103<=0,0,MIN(I103,IF(I103<=20,Datos!$B$25*I103^Datos!$C$25+Datos!$D$25,Datos!$B$26*I103^Datos!$C$26+Datos!$D$26)))) | L103: 1 | M103: =SQRT(4*K103/1000/(PI()*L103))*1000 | N103: =IF(D103="MC",INDEX(Tubos!$B$4:$B$12,MIN(COUNTIF(Tubos!$C$4:$C$12,"<"&M103)+1,9)),IF(D103="PE",INDEX(Tubos!$B$15:$B$21,MIN(COUNTIF(Tubos!$C$15:$C$21,"<"&M103)+1,7)),INDEX(Tubos!$B$24:$B$33,MIN(COUNTIF(Tubos!$C$24:$C$33,"<"&M103)+1,10)))) | O103: =IF(D103="MC",INDEX(Tubos!$C$4:$C$12,MIN(COUNTIF(Tubos!$C$4:$C$12,"<"&M103)+1,9)),IF(D103="PE",INDEX(Tubos!$C$15:$C$21,MIN(COUNTIF(Tubos!$C$15:$C$21,"<"&M103)+1,7)),INDEX(Tubos!$C$24:$C$33,MIN(COUNTIF(Tubos!$C$24:$C$33,"<"&M103)+1,10)))) | P103: =K103/1000/(PI()*(O103/1000)^2/4) | Q103: 5 | R103: =Q103*Datos!$B$17 | S103: =P103*O103/1000/IF(C103="AF",Datos!$B$46,Datos!$B$47) | T103: =IF(S103<=0,0,0.25/(LOG10(Datos!$B$48/(3.7*O103/1000)+5.74/S103^0.9))^2) | U103: =IF(R103=0,0,T103*R103/(O103/1000)*P103^2/(2*Datos!$B$45)) | V103: 0 | W103: =V103*P103^2/(2*Datos!$B$45) | X103: =U103+W103
A104: PBE5 | B104: PB: oficio → habitaciones PB | C104: AF | D104: MC | E104: 5 | F104: 2 | G104: 0 | H104: 0 | I104: =IF(C104="AF",E104*Locales!$L$4+F104*Locales!$L$5+G104*Locales!$L$6,E104*Locales!$M$4+F104*Locales!$M$5+G104*Locales!$M$6)+H104 | J104: 0 | K104: =MAX(J104,IF(I104<=0,0,MIN(I104,IF(I104<=20,Datos!$B$25*I104^Datos!$C$25+Datos!$D$25,Datos!$B$26*I104^Datos!$C$26+Datos!$D$26)))) | L104: 1 | M104: =SQRT(4*K104/1000/(PI()*L104))*1000 | N104: =IF(D104="MC",INDEX(Tubos!$B$4:$B$12,MIN(COUNTIF(Tubos!$C$4:$C$12,"<"&M104)+1,9)),IF(D104="PE",INDEX(Tubos!$B$15:$B$21,MIN(COUNTIF(Tubos!$C$15:$C$21,"<"&M104)+1,7)),INDEX(Tubos!$B$24:$B$33,MIN(COUNTIF(Tubos!$C$24:$C$33,"<"&M104)+1,10)))) | O104: =IF(D104="MC",INDEX(Tubos!$C$4:$C$12,MIN(COUNTIF(Tubos!$C$4:$C$12,"<"&M104)+1,9)),IF(D104="PE",INDEX(Tubos!$C$15:$C$21,MIN(COUNTIF(Tubos!$C$15:$C$21,"<"&M104)+1,7)),INDEX(Tubos!$C$24:$C$33,MIN(COUNTIF(Tubos!$C$24:$C$33,"<"&M104)+1,10)))) | P104: =K104/1000/(PI()*(O104/1000)^2/4) | Q104: 5.5 | R104: =Q104*Datos!$B$17 | S104: =P104*O104/1000/IF(C104="AF",Datos!$B$46,Datos!$B$47) | T104: =IF(S104<=0,0,0.25/(LOG10(Datos!$B$48/(3.7*O104/1000)+5.74/S104^0.9))^2) | U104: =IF(R104=0,0,T104*R104/(O104/1000)*P104^2/(2*Datos!$B$45)) | V104: 0 | W104: =V104*P104^2/(2*Datos!$B$45) | X104: =U104+W104
A105: PBE6 | B105: PB: derivación hab. 002 (incl. subida forjado) | C105: AF | D105: MC | E105: 1 | F105: 0 | G105: 0 | H105: 0 | I105: =IF(C105="AF",E105*Locales!$L$4+F105*Locales!$L$5+G105*Locales!$L$6,E105*Locales!$M$4+F105*Locales!$M$5+G105*Locales!$M$6)+H105 | J105: 0 | K105: =MAX(J105,IF(I105<=0,0,MIN(I105,IF(I105<=20,Datos!$B$25*I105^Datos!$C$25+Datos!$D$25,Datos!$B$26*I105^Datos!$C$26+Datos!$D$26)))) | L105: 1 | M105: =SQRT(4*K105/1000/(PI()*L105))*1000 | N105: =IF(D105="MC",INDEX(Tubos!$B$4:$B$12,MIN(COUNTIF(Tubos!$C$4:$C$12,"<"&M105)+1,9)),IF(D105="PE",INDEX(Tubos!$B$15:$B$21,MIN(COUNTIF(Tubos!$C$15:$C$21,"<"&M105)+1,7)),INDEX(Tubos!$B$24:$B$33,MIN(COUNTIF(Tubos!$C$24:$C$33,"<"&M105)+1,10)))) | O105: =IF(D105="MC",INDEX(Tubos!$C$4:$C$12,MIN(COUNTIF(Tubos!$C$4:$C$12,"<"&M105)+1,9)),IF(D105="PE",INDEX(Tubos!$C$15:$C$21,MIN(COUNTIF(Tubos!$C$15:$C$21,"<"&M105)+1,7)),INDEX(Tubos!$C$24:$C$33,MIN(COUNTIF(Tubos!$C$24:$C$33,"<"&M105)+1,10)))) | P105: =K105/1000/(PI()*(O105/1000)^2/4) | Q105: 6 | R105: =Q105*Datos!$B$17 | S105: =P105*O105/1000/IF(C105="AF",Datos!$B$46,Datos!$B$47) | T105: =IF(S105<=0,0,0.25/(LOG10(Datos!$B$48/(3.7*O105/1000)+5.74/S105^0.9))^2) | U105: =IF(R105=0,0,T105*R105/(O105/1000)*P105^2/(2*Datos!$B$45)) | V105: 0.3 | W105: =V105*P105^2/(2*Datos!$B$45) | X105: =U105+W105
A106: PBWC | B106: PB: cuarto → aseos públicos (O) | C106: ACS | D106: MC | E106: 0 | F106: 0 | G106: 0 | H106: =Locales!$M$7+Locales!$M$8 | I106: =IF(C106="AF",E106*Locales!$L$4+F106*Locales!$L$5+G106*Locales!$L$6,E106*Locales!$M$4+F106*Locales!$M$5+G106*Locales!$M$6)+H106 | J106: 0 | K106: =MAX(J106,IF(I106<=0,0,MIN(I106,IF(I106<=20,Datos!$B$25*I106^Datos!$C$25+Datos!$D$25,Datos!$B$26*I106^Datos!$C$26+Datos!$D$26)))) | L106: 1 | M106: =SQRT(4*K106/1000/(PI()*L106))*1000 | N106: =IF(D106="MC",INDEX(Tubos!$B$4:$B$12,MIN(COUNTIF(Tubos!$C$4:$C$12,"<"&M106)+1,9)),IF(D106="PE",INDEX(Tubos!$B$15:$B$21,MIN(COUNTIF(Tubos!$C$15:$C$21,"<"&M106)+1,7)),INDEX(Tubos!$B$24:$B$33,MIN(COUNTIF(Tubos!$C$24:$C$33,"<"&M106)+1,10)))) | O106: =IF(D106="MC",INDEX(Tubos!$C$4:$C$12,MIN(COUNTIF(Tubos!$C$4:$C$12,"<"&M106)+1,9)),IF(D106="PE",INDEX(Tubos!$C$15:$C$21,MIN(COUNTIF(Tubos!$C$15:$C$21,"<"&M106)+1,7)),INDEX(Tubos!$C$24:$C$33,MIN(COUNTIF(Tubos!$C$24:$C$33,"<"&M106)+1,10)))) | P106: =K106/1000/(PI()*(O106/1000)^2/4) | Q106: 12 | R106: =Q106*Datos!$B$17 | S106: =P106*O106/1000/IF(C106="AF",Datos!$B$46,Datos!$B$47) | T106: =IF(S106<=0,0,0.25/(LOG10(Datos!$B$48/(3.7*O106/1000)+5.74/S106^0.9))^2) | U106: =IF(R106=0,0,T106*R106/(O106/1000)*P106^2/(2*Datos!$B$45)) | V106: 0.3 | W106: =V106*P106^2/(2*Datos!$B$45) | X106: =U106+W106
A107: PBE1C | B107: PB: cuarto → barra | C107: ACS | D107: MC | E107: 0 | F107: 0 | G107: 0 | H107: =Plantas!$R$5-Locales!$M$7-Locales!$M$8 | I107: =IF(C107="AF",E107*Locales!$L$4+F107*Locales!$L$5+G107*Locales!$L$6,E107*Locales!$M$4+F107*Locales!$M$5+G107*Locales!$M$6)+H107 | J107: 0 | K107: =MAX(J107,IF(I107<=0,0,MIN(I107,IF(I107<=20,Datos!$B$25*I107^Datos!$C$25+Datos!$D$25,Datos!$B$26*I107^Datos!$C$26+Datos!$D$26)))) | L107: 1 | M107: =SQRT(4*K107/1000/(PI()*L107))*1000 | N107: =IF(D107="MC",INDEX(Tubos!$B$4:$B$12,MIN(COUNTIF(Tubos!$C$4:$C$12,"<"&M107)+1,9)),IF(D107="PE",INDEX(Tubos!$B$15:$B$21,MIN(COUNTIF(Tubos!$C$15:$C$21,"<"&M107)+1,7)),INDEX(Tubos!$B$24:$B$33,MIN(COUNTIF(Tubos!$C$24:$C$33,"<"&M107)+1,10)))) | O107: =IF(D107="MC",INDEX(Tubos!$C$4:$C$12,MIN(COUNTIF(Tubos!$C$4:$C$12,"<"&M107)+1,9)),IF(D107="PE",INDEX(Tubos!$C$15:$C$21,MIN(COUNTIF(Tubos!$C$15:$C$21,"<"&M107)+1,7)),INDEX(Tubos!$C$24:$C$33,MIN(COUNTIF(Tubos!$C$24:$C$33,"<"&M107)+1,10)))) | P107: =K107/1000/(PI()*(O107/1000)^2/4) | Q107: 4 | R107: =Q107*Datos!$B$17 | S107: =P107*O107/1000/IF(C107="AF",Datos!$B$46,Datos!$B$47) | T107: =IF(S107<=0,0,0.25/(LOG10(Datos!$B$48/(3.7*O107/1000)+5.74/S107^0.9))^2) | U107: =IF(R107=0,0,T107*R107/(O107/1000)*P107^2/(2*Datos!$B$45)) | V107: 0.3 | W107: =V107*P107^2/(2*Datos!$B$45) | X107: =U107+W107
A108: PBE2C | B108: PB: barra → vestuarios | C108: ACS | D108: MC | E108: 0 | F108: 0 | G108: 0 | H108: =Plantas!$R$5-Locales!$M$7-Locales!$M$8-Locales!$M$11 | I108: =IF(C108="AF",E108*Locales!$L$4+F108*Locales!$L$5+G108*Locales!$L$6,E108*Locales!$M$4+F108*Locales!$M$5+G108*Locales!$M$6)+H108 | J108: 0 | K108: =MAX(J108,IF(I108<=0,0,MIN(I108,IF(I108<=20,Datos!$B$25*I108^Datos!$C$25+Datos!$D$25,Datos!$B$26*I108^Datos!$C$26+Datos!$D$26)))) | L108: 1 | M108: =SQRT(4*K108/1000/(PI()*L108))*1000 | N108: =IF(D108="MC",INDEX(Tubos!$B$4:$B$12,MIN(COUNTIF(Tubos!$C$4:$C$12,"<"&M108)+1,9)),IF(D108="PE",INDEX(Tubos!$B$15:$B$21,MIN(COUNTIF(Tubos!$C$15:$C$21,"<"&M108)+1,7)),INDEX(Tubos!$B$24:$B$33,MIN(COUNTIF(Tubos!$C$24:$C$33,"<"&M108)+1,10)))) | O108: =IF(D108="MC",INDEX(Tubos!$C$4:$C$12,MIN(COUNTIF(Tubos!$C$4:$C$12,"<"&M108)+1,9)),IF(D108="PE",INDEX(Tubos!$C$15:$C$21,MIN(COUNTIF(Tubos!$C$15:$C$21,"<"&M108)+1,7)),INDEX(Tubos!$C$24:$C$33,MIN(COUNTIF(Tubos!$C$24:$C$33,"<"&M108)+1,10)))) | P108: =K108/1000/(PI()*(O108/1000)^2/4) | Q108: 8.4 | R108: =Q108*Datos!$B$17 | S108: =P108*O108/1000/IF(C108="AF",Datos!$B$46,Datos!$B$47) | T108: =IF(S108<=0,0,0.25/(LOG10(Datos!$B$48/(3.7*O108/1000)+5.74/S108^0.9))^2) | U108: =IF(R108=0,0,T108*R108/(O108/1000)*P108^2/(2*Datos!$B$45)) | V108: 0 | W108: =V108*P108^2/(2*Datos!$B$45) | X108: =U108+W108
A109: PBE3C | B109: PB: vestuarios → cocina/c.frío/basuras | C109: ACS | D109: MC | E109: 0 | F109: 0 | G109: 0 | H109: =Plantas!$R$5-Locales!$M$7-Locales!$M$8-Locales!$M$11-Locales!$M$9-Locales!$M$10 | I109: =IF(C109="AF",E109*Locales!$L$4+F109*Locales!$L$5+G109*Locales!$L$6,E109*Locales!$M$4+F109*Locales!$M$5+G109*Locales!$M$6)+H109 | J109: 0 | K109: =MAX(J109,IF(I109<=0,0,MIN(I109,IF(I109<=20,Datos!$B$25*I109^Datos!$C$25+Datos!$D$25,Datos!$B$26*I109^Datos!$C$26+Datos!$D$26)))) | L109: 1 | M109: =SQRT(4*K109/1000/(PI()*L109))*1000 | N109: =IF(D109="MC",INDEX(Tubos!$B$4:$B$12,MIN(COUNTIF(Tubos!$C$4:$C$12,"<"&M109)+1,9)),IF(D109="PE",INDEX(Tubos!$B$15:$B$21,MIN(COUNTIF(Tubos!$C$15:$C$21,"<"&M109)+1,7)),INDEX(Tubos!$B$24:$B$33,MIN(COUNTIF(Tubos!$C$24:$C$33,"<"&M109)+1,10)))) | O109: =IF(D109="MC",INDEX(Tubos!$C$4:$C$12,MIN(COUNTIF(Tubos!$C$4:$C$12,"<"&M109)+1,9)),IF(D109="PE",INDEX(Tubos!$C$15:$C$21,MIN(COUNTIF(Tubos!$C$15:$C$21,"<"&M109)+1,7)),INDEX(Tubos!$C$24:$C$33,MIN(COUNTIF(Tubos!$C$24:$C$33,"<"&M109)+1,10)))) | P109: =K109/1000/(PI()*(O109/1000)^2/4) | Q109: 9 | R109: =Q109*Datos!$B$17 | S109: =P109*O109/1000/IF(C109="AF",Datos!$B$46,Datos!$B$47) | T109: =IF(S109<=0,0,0.25/(LOG10(Datos!$B$48/(3.7*O109/1000)+5.74/S109^0.9))^2) | U109: =IF(R109=0,0,T109*R109/(O109/1000)*P109^2/(2*Datos!$B$45)) | V109: 0 | W109: =V109*P109^2/(2*Datos!$B$45) | X109: =U109+W109
A110: PBE4C | B110: PB: cocina → oficio PB | C110: ACS | D110: MC | E110: 5 | F110: 2 | G110: 1 | H110: 0 | I110: =IF(C110="AF",E110*Locales!$L$4+F110*Locales!$L$5+G110*Locales!$L$6,E110*Locales!$M$4+F110*Locales!$M$5+G110*Locales!$M$6)+H110 | J110: 0 | K110: =MAX(J110,IF(I110<=0,0,MIN(I110,IF(I110<=20,Datos!$B$25*I110^Datos!$C$25+Datos!$D$25,Datos!$B$26*I110^Datos!$C$26+Datos!$D$26)))) | L110: 1 | M110: =SQRT(4*K110/1000/(PI()*L110))*1000 | N110: =IF(D110="MC",INDEX(Tubos!$B$4:$B$12,MIN(COUNTIF(Tubos!$C$4:$C$12,"<"&M110)+1,9)),IF(D110="PE",INDEX(Tubos!$B$15:$B$21,MIN(COUNTIF(Tubos!$C$15:$C$21,"<"&M110)+1,7)),INDEX(Tubos!$B$24:$B$33,MIN(COUNTIF(Tubos!$C$24:$C$33,"<"&M110)+1,10)))) | O110: =IF(D110="MC",INDEX(Tubos!$C$4:$C$12,MIN(COUNTIF(Tubos!$C$4:$C$12,"<"&M110)+1,9)),IF(D110="PE",INDEX(Tubos!$C$15:$C$21,MIN(COUNTIF(Tubos!$C$15:$C$21,"<"&M110)+1,7)),INDEX(Tubos!$C$24:$C$33,MIN(COUNTIF(Tubos!$C$24:$C$33,"<"&M110)+1,10)))) | P110: =K110/1000/(PI()*(O110/1000)^2/4) | Q110: 5 | R110: =Q110*Datos!$B$17 | S110: =P110*O110/1000/IF(C110="AF",Datos!$B$46,Datos!$B$47) | T110: =IF(S110<=0,0,0.25/(LOG10(Datos!$B$48/(3.7*O110/1000)+5.74/S110^0.9))^2) | U110: =IF(R110=0,0,T110*R110/(O110/1000)*P110^2/(2*Datos!$B$45)) | V110: 0 | W110: =V110*P110^2/(2*Datos!$B$45) | X110: =U110+W110
A111: PBE5C | B111: PB: oficio → habitaciones PB | C111: ACS | D111: MC | E111: 5 | F111: 2 | G111: 0 | H111: 0 | I111: =IF(C111="AF",E111*Locales!$L$4+F111*Locales!$L$5+G111*Locales!$L$6,E111*Locales!$M$4+F111*Locales!$M$5+G111*Locales!$M$6)+H111 | J111: 0 | K111: =MAX(J111,IF(I111<=0,0,MIN(I111,IF(I111<=20,Datos!$B$25*I111^Datos!$C$25+Datos!$D$25,Datos!$B$26*I111^Datos!$C$26+Datos!$D$26)))) | L111: 1 | M111: =SQRT(4*K111/1000/(PI()*L111))*1000 | N111: =IF(D111="MC",INDEX(Tubos!$B$4:$B$12,MIN(COUNTIF(Tubos!$C$4:$C$12,"<"&M111)+1,9)),IF(D111="PE",INDEX(Tubos!$B$15:$B$21,MIN(COUNTIF(Tubos!$C$15:$C$21,"<"&M111)+1,7)),INDEX(Tubos!$B$24:$B$33,MIN(COUNTIF(Tubos!$C$24:$C$33,"<"&M111)+1,10)))) | O111: =IF(D111="MC",INDEX(Tubos!$C$4:$C$12,MIN(COUNTIF(Tubos!$C$4:$C$12,"<"&M111)+1,9)),IF(D111="PE",INDEX(Tubos!$C$15:$C$21,MIN(COUNTIF(Tubos!$C$15:$C$21,"<"&M111)+1,7)),INDEX(Tubos!$C$24:$C$33,MIN(COUNTIF(Tubos!$C$24:$C$33,"<"&M111)+1,10)))) | P111: =K111/1000/(PI()*(O111/1000)^2/4) | Q111: 5.5 | R111: =Q111*Datos!$B$17 | S111: =P111*O111/1000/IF(C111="AF",Datos!$B$46,Datos!$B$47) | T111: =IF(S111<=0,0,0.25/(LOG10(Datos!$B$48/(3.7*O111/1000)+5.74/S111^0.9))^2) | U111: =IF(R111=0,0,T111*R111/(O111/1000)*P111^2/(2*Datos!$B$45)) | V111: 0 | W111: =V111*P111^2/(2*Datos!$B$45) | X111: =U111+W111
A112: PBE6C | B112: PB: derivación hab. 002 (incl. subida forjado) | C112: ACS | D112: MC | E112: 1 | F112: 0 | G112: 0 | H112: 0 | I112: =IF(C112="AF",E112*Locales!$L$4+F112*Locales!$L$5+G112*Locales!$L$6,E112*Locales!$M$4+F112*Locales!$M$5+G112*Locales!$M$6)+H112 | J112: 0 | K112: =MAX(J112,IF(I112<=0,0,MIN(I112,IF(I112<=20,Datos!$B$25*I112^Datos!$C$25+Datos!$D$25,Datos!$B$26*I112^Datos!$C$26+Datos!$D$26)))) | L112: 1 | M112: =SQRT(4*K112/1000/(PI()*L112))*1000 | N112: =IF(D112="MC",INDEX(Tubos!$B$4:$B$12,MIN(COUNTIF(Tubos!$C$4:$C$12,"<"&M112)+1,9)),IF(D112="PE",INDEX(Tubos!$B$15:$B$21,MIN(COUNTIF(Tubos!$C$15:$C$21,"<"&M112)+1,7)),INDEX(Tubos!$B$24:$B$33,MIN(COUNTIF(Tubos!$C$24:$C$33,"<"&M112)+1,10)))) | O112: =IF(D112="MC",INDEX(Tubos!$C$4:$C$12,MIN(COUNTIF(Tubos!$C$4:$C$12,"<"&M112)+1,9)),IF(D112="PE",INDEX(Tubos!$C$15:$C$21,MIN(COUNTIF(Tubos!$C$15:$C$21,"<"&M112)+1,7)),INDEX(Tubos!$C$24:$C$33,MIN(COUNTIF(Tubos!$C$24:$C$33,"<"&M112)+1,10)))) | P112: =K112/1000/(PI()*(O112/1000)^2/4) | Q112: 6 | R112: =Q112*Datos!$B$17 | S112: =P112*O112/1000/IF(C112="AF",Datos!$B$46,Datos!$B$47) | T112: =IF(S112<=0,0,0.25/(LOG10(Datos!$B$48/(3.7*O112/1000)+5.74/S112^0.9))^2) | U112: =IF(R112=0,0,T112*R112/(O112/1000)*P112^2/(2*Datos!$B$45)) | V112: 0.3 | W112: =V112*P112^2/(2*Datos!$B$45) | X112: =U112+W112

Sheet Recorridos
A1: Recorridos más desfavorables (Bernoulli): P final = P inicio + z inicio − z grifo − Σ(hf+hm)
A2: DIR: parte de la red (40 mca a cota 0). BOMB: presión mínima necesaria en el calderín. VRP: presión de tarado necesaria a la salida de la reductora ACS baja.
A4: Recorrido | B4: Tipo | C4: Planta | D4: Cota grifo (m) | E4: Σ(hf+hm) (mca) | F4: Resultado (mca) | G4: Interpretación
A5: R1 AF directo O · P7 · lavabo | B5: DIR | C5: 7 | D5: =INDEX(Plantas!$P$4:$P$16,MATCH(C5,Plantas!$B$4:$B$16,0)) | E5: =G50 | F5: =Datos!$B$7+Datos!$B$49-D5-E5 | G5: =IF(F5>=Datos!$B$18,"Presión en grifo ≥ 10 mca: CUMPLE","NO CUMPLE: pasar a bombeo")
A6: R2 AF directo O · P7 · bañera | B6: DIR | C6: 7 | D6: =INDEX(Plantas!$P$4:$P$16,MATCH(C6,Plantas!$B$4:$B$16,0)) | E6: =G75 | F6: =Datos!$B$7+Datos!$B$49-D6-E6 | G6: =IF(F6>=Datos!$B$18,"Presión en grifo ≥ 10 mca: CUMPLE","NO CUMPLE: pasar a bombeo")
A7: R3 AF directo E · P7 · lavabo | B7: DIR | C7: 7 | D7: =INDEX(Plantas!$P$4:$P$16,MATCH(C7,Plantas!$B$4:$B$16,0)) | E7: =G103 | F7: =Datos!$B$7+Datos!$B$49-D7-E7 | G7: =IF(F7>=Datos!$B$18,"Presión en grifo ≥ 10 mca: CUMPLE","NO CUMPLE: pasar a bombeo")
A8: R4 AF directo E · P7 · bañera | B8: DIR | C8: 7 | D8: =INDEX(Plantas!$P$4:$P$16,MATCH(C8,Plantas!$B$4:$B$16,0)) | E8: =G129 | F8: =Datos!$B$7+Datos!$B$49-D8-E8 | G8: =IF(F8>=Datos!$B$18,"Presión en grifo ≥ 10 mca: CUMPLE","NO CUMPLE: pasar a bombeo")
A9: R5 AF bombeo O · P11 · lavabo | B9: BOMB | C9: 11 | D9: =INDEX(Plantas!$P$4:$P$16,MATCH(C9,Plantas!$B$4:$B$16,0)) | E9: =G147 | F9: =Datos!$B$18+D9-Datos!$B$50+E9 | G9: Presión mínima necesaria en calderín
A10: R6 AF bombeo O · P11 · bañera | B10: BOMB | C10: 11 | D10: =INDEX(Plantas!$P$4:$P$16,MATCH(C10,Plantas!$B$4:$B$16,0)) | E10: =G163 | F10: =Datos!$B$18+D10-Datos!$B$50+E10 | G10: Presión mínima necesaria en calderín
A11: R7 AF bombeo E · P11 · lavabo | B11: BOMB | C11: 11 | D11: =INDEX(Plantas!$P$4:$P$16,MATCH(C11,Plantas!$B$4:$B$16,0)) | E11: =G182 | F11: =Datos!$B$18+D11-Datos!$B$50+E11 | G11: Presión mínima necesaria en calderín
A12: R8 AF bombeo E · P11 · bañera | B12: BOMB | C12: 11 | D12: =INDEX(Plantas!$P$4:$P$16,MATCH(C12,Plantas!$B$4:$B$16,0)) | E12: =G199 | F12: =Datos!$B$18+D12-Datos!$B$50+E12 | G12: Presión mínima necesaria en calderín
A13: R9 ACS alta O · P11 · lavabo | B13: BOMB | C13: 11 | D13: =INDEX(Plantas!$P$4:$P$16,MATCH(C13,Plantas!$B$4:$B$16,0)) | E13: =G218 | F13: =Datos!$B$18+D13-Datos!$B$50+E13 | G13: Presión mínima necesaria en calderín
A14: R10 ACS alta O · P11 · bañera | B14: BOMB | C14: 11 | D14: =INDEX(Plantas!$P$4:$P$16,MATCH(C14,Plantas!$B$4:$B$16,0)) | E14: =G236 | F14: =Datos!$B$18+D14-Datos!$B$50+E14 | G14: Presión mínima necesaria en calderín
A15: R11 ACS alta E · P11 · lavabo | B15: BOMB | C15: 11 | D15: =INDEX(Plantas!$P$4:$P$16,MATCH(C15,Plantas!$B$4:$B$16,0)) | E15: =G256 | F15: =Datos!$B$18+D15-Datos!$B$50+E15 | G15: Presión mínima necesaria en calderín
A16: R12 ACS alta E · P11 · bañera | B16: BOMB | C16: 11 | D16: =INDEX(Plantas!$P$4:$P$16,MATCH(C16,Plantas!$B$4:$B$16,0)) | E16: =G275 | F16: =Datos!$B$18+D16-Datos!$B$50+E16 | G16: Presión mínima necesaria en calderín
A17: R13 ACS baja O · P7 · lavabo | B17: VRP | C17: 7 | D17: =INDEX(Plantas!$P$4:$P$16,MATCH(C17,Plantas!$B$4:$B$16,0)) | E17: =G295 | F17: =Datos!$B$18+D17-Datos!$B$52+E17 | G17: Presión mínima de tarado de la reductora ACS baja
A18: R14 ACS baja O · P7 · bañera | B18: VRP | C18: 7 | D18: =INDEX(Plantas!$P$4:$P$16,MATCH(C18,Plantas!$B$4:$B$16,0)) | E18: =G314 | F18: =Datos!$B$18+D18-Datos!$B$52+E18 | G18: Presión mínima de tarado de la reductora ACS baja
A19: R15 ACS baja E · P7 · lavabo | B19: VRP | C19: 7 | D19: =INDEX(Plantas!$P$4:$P$16,MATCH(C19,Plantas!$B$4:$B$16,0)) | E19: =G335 | F19: =Datos!$B$18+D19-Datos!$B$52+E19 | G19: Presión mínima de tarado de la reductora ACS baja
A20: R16 ACS baja E · P7 · bañera | B20: VRP | C20: 7 | D20: =INDEX(Plantas!$P$4:$P$16,MATCH(C20,Plantas!$B$4:$B$16,0)) | E20: =G355 | F20: =Datos!$B$18+D20-Datos!$B$52+E20 | G20: Presión mínima de tarado de la reductora ACS baja
A21: R17 AF directo PB · hab. 002 · lavabo | B21: DIR | C21: 0 | D21: =INDEX(Plantas!$P$4:$P$16,MATCH(C21,Plantas!$B$4:$B$16,0)) | E21: =G375 | F21: =Datos!$B$7+Datos!$B$49-D21-E21 | G21: =IF(F21>=Datos!$B$18,"Presión en grifo ≥ 10 mca: CUMPLE","NO CUMPLE: pasar a bombeo")
A22: R18 ACS baja PB · hab. 002 · lavabo | B22: VRP | C22: 0 | D22: =INDEX(Plantas!$P$4:$P$16,MATCH(C22,Plantas!$B$4:$B$16,0)) | E22: =G388 | F22: =Datos!$B$18+D22-Datos!$B$52+E22 | G22: Presión mínima de tarado de la reductora ACS baja
A26: R1 AF directo O · P7 · lavabo | B26: Descripción | C26: Qc (l/s) | D26: Designación | E26: v (m/s) | F26: hf+hm (mca) | G26: Σ acumulada (mca)
A27: G1 | B27: =INDEX(Tramos!$B$5:$B$112,MATCH(A27,Tramos!$A$5:$A$112,0)) | C27: =INDEX(Tramos!$K$5:$K$112,MATCH(A27,Tramos!$A$5:$A$112,0)) | D27: =INDEX(Tramos!$N$5:$N$112,MATCH(A27,Tramos!$A$5:$A$112,0)) | E27: =INDEX(Tramos!$P$5:$P$112,MATCH(A27,Tramos!$A$5:$A$112,0)) | F27: =INDEX(Tramos!$X$5:$X$112,MATCH(A27,Tramos!$A$5:$A$112,0)) | G27: =SUM(F$27:F27)
A28: E1 | B28: =INDEX(Tramos!$B$5:$B$112,MATCH(A28,Tramos!$A$5:$A$112,0)) | C28: =INDEX(Tramos!$K$5:$K$112,MATCH(A28,Tramos!$A$5:$A$112,0)) | D28: =INDEX(Tramos!$N$5:$N$112,MATCH(A28,Tramos!$A$5:$A$112,0)) | E28: =INDEX(Tramos!$P$5:$P$112,MATCH(A28,Tramos!$A$5:$A$112,0)) | F28: =INDEX(Tramos!$X$5:$X$112,MATCH(A28,Tramos!$A$5:$A$112,0)) | G28: =SUM(F$27:F28)
A29: E2 | B29: =INDEX(Tramos!$B$5:$B$112,MATCH(A29,Tramos!$A$5:$A$112,0)) | C29: =INDEX(Tramos!$K$5:$K$112,MATCH(A29,Tramos!$A$5:$A$112,0)) | D29: =INDEX(Tramos!$N$5:$N$112,MATCH(A29,Tramos!$A$5:$A$112,0)) | E29: =INDEX(Tramos!$P$5:$P$112,MATCH(A29,Tramos!$A$5:$A$112,0)) | F29: =INDEX(Tramos!$X$5:$X$112,MATCH(A29,Tramos!$A$5:$A$112,0)) | G29: =SUM(F$27:F29)
A30: E3 | B30: =INDEX(Tramos!$B$5:$B$112,MATCH(A30,Tramos!$A$5:$A$112,0)) | C30: =INDEX(Tramos!$K$5:$K$112,MATCH(A30,Tramos!$A$5:$A$112,0)) | D30: =INDEX(Tramos!$N$5:$N$112,MATCH(A30,Tramos!$A$5:$A$112,0)) | E30: =INDEX(Tramos!$P$5:$P$112,MATCH(A30,Tramos!$A$5:$A$112,0)) | F30: =INDEX(Tramos!$X$5:$X$112,MATCH(A30,Tramos!$A$5:$A$112,0)) | G30: =SUM(F$27:F30)
A31: G2 | B31: =INDEX(Tramos!$B$5:$B$112,MATCH(A31,Tramos!$A$5:$A$112,0)) | C31: =INDEX(Tramos!$K$5:$K$112,MATCH(A31,Tramos!$A$5:$A$112,0)) | D31: =INDEX(Tramos!$N$5:$N$112,MATCH(A31,Tramos!$A$5:$A$112,0)) | E31: =INDEX(Tramos!$P$5:$P$112,MATCH(A31,Tramos!$A$5:$A$112,0)) | F31: =INDEX(Tramos!$X$5:$X$112,MATCH(A31,Tramos!$A$5:$A$112,0)) | G31: =SUM(F$27:F31)
A32: E4 | B32: =INDEX(Tramos!$B$5:$B$112,MATCH(A32,Tramos!$A$5:$A$112,0)) | C32: =INDEX(Tramos!$K$5:$K$112,MATCH(A32,Tramos!$A$5:$A$112,0)) | D32: =INDEX(Tramos!$N$5:$N$112,MATCH(A32,Tramos!$A$5:$A$112,0)) | E32: =INDEX(Tramos!$P$5:$P$112,MATCH(A32,Tramos!$A$5:$A$112,0)) | F32: =INDEX(Tramos!$X$5:$X$112,MATCH(A32,Tramos!$A$5:$A$112,0)) | G32: =SUM(F$27:F32)
A33: D0 | B33: =INDEX(Tramos!$B$5:$B$112,MATCH(A33,Tramos!$A$5:$A$112,0)) | C33: =INDEX(Tramos!$K$5:$K$112,MATCH(A33,Tramos!$A$5:$A$112,0)) | D33: =INDEX(Tramos!$N$5:$N$112,MATCH(A33,Tramos!$A$5:$A$112,0)) | E33: =INDEX(Tramos!$P$5:$P$112,MATCH(A33,Tramos!$A$5:$A$112,0)) | F33: =INDEX(Tramos!$X$5:$X$112,MATCH(A33,Tramos!$A$5:$A$112,0)) | G33: =SUM(F$27:F33)
A34: DL1 | B34: =INDEX(Tramos!$B$5:$B$112,MATCH(A34,Tramos!$A$5:$A$112,0)) | C34: =INDEX(Tramos!$K$5:$K$112,MATCH(A34,Tramos!$A$5:$A$112,0)) | D34: =INDEX(Tramos!$N$5:$N$112,MATCH(A34,Tramos!$A$5:$A$112,0)) | E34: =INDEX(Tramos!$P$5:$P$112,MATCH(A34,Tramos!$A$5:$A$112,0)) | F34: =INDEX(Tramos!$X$5:$X$112,MATCH(A34,Tramos!$A$5:$A$112,0)) | G34: =SUM(F$27:F34)
A35: MDL1 | B35: =INDEX(Tramos!$B$5:$B$112,MATCH(A35,Tramos!$A$5:$A$112,0)) | C35: =INDEX(Tramos!$K$5:$K$112,MATCH(A35,Tramos!$A$5:$A$112,0)) | D35: =INDEX(Tramos!$N$5:$N$112,MATCH(A35,Tramos!$A$5:$A$112,0)) | E35: =INDEX(Tramos!$P$5:$P$112,MATCH(A35,Tramos!$A$5:$A$112,0)) | F35: =INDEX(Tramos!$X$5:$X$112,MATCH(A35,Tramos!$A$5:$A$112,0)) | G35: =SUM(F$27:F35)
A36: MDL2 | B36: =INDEX(Tramos!$B$5:$B$112,MATCH(A36,Tramos!$A$5:$A$112,0)) | C36: =INDEX(Tramos!$K$5:$K$112,MATCH(A36,Tramos!$A$5:$A$112,0)) | D36: =INDEX(Tramos!$N$5:$N$112,MATCH(A36,Tramos!$A$5:$A$112,0)) | E36: =INDEX(Tramos!$P$5:$P$112,MATCH(A36,Tramos!$A$5:$A$112,0)) | F36: =INDEX(Tramos!$X$5:$X$112,MATCH(A36,Tramos!$A$5:$A$112,0)) | G36: =SUM(F$27:F36)
A37: MDL3 | B37: =INDEX(Tramos!$B$5:$B$112,MATCH(A37,Tramos!$A$5:$A$112,0)) | C37: =INDEX(Tramos!$K$5:$K$112,MATCH(A37,Tramos!$A$5:$A$112,0)) | D37: =INDEX(Tramos!$N$5:$N$112,MATCH(A37,Tramos!$A$5:$A$112,0)) | E37: =INDEX(Tramos!$P$5:$P$112,MATCH(A37,Tramos!$A$5:$A$112,0)) | F37: =INDEX(Tramos!$X$5:$X$112,MATCH(A37,Tramos!$A$5:$A$112,0)) | G37: =SUM(F$27:F37)
A38: MDL4 | B38: =INDEX(Tramos!$B$5:$B$112,MATCH(A38,Tramos!$A$5:$A$112,0)) | C38: =INDEX(Tramos!$K$5:$K$112,MATCH(A38,Tramos!$A$5:$A$112,0)) | D38: =INDEX(Tramos!$N$5:$N$112,MATCH(A38,Tramos!$A$5:$A$112,0)) | E38: =INDEX(Tramos!$P$5:$P$112,MATCH(A38,Tramos!$A$5:$A$112,0)) | F38: =INDEX(Tramos!$X$5:$X$112,MATCH(A38,Tramos!$A$5:$A$112,0)) | G38: =SUM(F$27:F38)
... A50: H4 | B50: =INDEX(Tramos!$B$5:$B$112,MATCH(A50,Tramos!$A$5:$A$112,0)) | C50: =INDEX(Tramos!$K$5:$K$112,MATCH(A50,Tramos!$A$5:$A$112,0)) | D50: =INDEX(Tramos!$N$5:$N$112,MATCH(A50,Tramos!$A$5:$A$112,0)) | E50: =INDEX(Tramos!$P$5:$P$112,MATCH(A50,Tramos!$A$5:$A$112,0)) | F50: =INDEX(Tramos!$X$5:$X$112,MATCH(A50,Tramos!$A$5:$A$112,0)) | G50: =SUM(F$27:F50)
A53: R2 AF directo O · P7 · bañera | B53: Descripción | C53: Qc (l/s) | D53: Designación | E53: v (m/s) | F53: hf+hm (mca) | G53: Σ acumulada (mca)
A54: G1 | B54: =INDEX(Tramos!$B$5:$B$112,MATCH(A54,Tramos!$A$5:$A$112,0)) | C54: =INDEX(Tramos!$K$5:$K$112,MATCH(A54,Tramos!$A$5:$A$112,0)) | D54: =INDEX(Tramos!$N$5:$N$112,MATCH(A54,Tramos!$A$5:$A$112,0)) | E54: =INDEX(Tramos!$P$5:$P$112,MATCH(A54,Tramos!$A$5:$A$112,0)) | F54: =INDEX(Tramos!$X$5:$X$112,MATCH(A54,Tramos!$A$5:$A$112,0)) | G54: =SUM(F$54:F54)
A55: E1 | B55: =INDEX(Tramos!$B$5:$B$112,MATCH(A55,Tramos!$A$5:$A$112,0)) | C55: =INDEX(Tramos!$K$5:$K$112,MATCH(A55,Tramos!$A$5:$A$112,0)) | D55: =INDEX(Tramos!$N$5:$N$112,MATCH(A55,Tramos!$A$5:$A$112,0)) | E55: =INDEX(Tramos!$P$5:$P$112,MATCH(A55,Tramos!$A$5:$A$112,0)) | F55: =INDEX(Tramos!$X$5:$X$112,MATCH(A55,Tramos!$A$5:$A$112,0)) | G55: =SUM(F$54:F55)
A56: E2 | B56: =INDEX(Tramos!$B$5:$B$112,MATCH(A56,Tramos!$A$5:$A$112,0)) | C56: =INDEX(Tramos!$K$5:$K$112,MATCH(A56,Tramos!$A$5:$A$112,0)) | D56: =INDEX(Tramos!$N$5:$N$112,MATCH(A56,Tramos!$A$5:$A$112,0)) | E56: =INDEX(Tramos!$P$5:$P$112,MATCH(A56,Tramos!$A$5:$A$112,0)) | F56: =INDEX(Tramos!$X$5:$X$112,MATCH(A56,Tramos!$A$5:$A$112,0)) | G56: =SUM(F$54:F56)
A57: E3 | B57: =INDEX(Tramos!$B$5:$B$112,MATCH(A57,Tramos!$A$5:$A$112,0)) | C57: =INDEX(Tramos!$K$5:$K$112,MATCH(A57,Tramos!$A$5:$A$112,0)) | D57: =INDEX(Tramos!$N$5:$N$112,MATCH(A57,Tramos!$A$5:$A$112,0)) | E57: =INDEX(Tramos!$P$5:$P$112,MATCH(A57,Tramos!$A$5:$A$112,0)) | F57: =INDEX(Tramos!$X$5:$X$112,MATCH(A57,Tramos!$A$5:$A$112,0)) | G57: =SUM(F$54:F57)
A58: G2 | B58: =INDEX(Tramos!$B$5:$B$112,MATCH(A58,Tramos!$A$5:$A$112,0)) | C58: =INDEX(Tramos!$K$5:$K$112,MATCH(A58,Tramos!$A$5:$A$112,0)) | D58: =INDEX(Tramos!$N$5:$N$112,MATCH(A58,Tramos!$A$5:$A$112,0)) | E58: =INDEX(Tramos!$P$5:$P$112,MATCH(A58,Tramos!$A$5:$A$112,0)) | F58: =INDEX(Tramos!$X$5:$X$112,MATCH(A58,Tramos!$A$5:$A$112,0)) | G58: =SUM(F$54:F58)
A59: E4 | B59: =INDEX(Tramos!$B$5:$B$112,MATCH(A59,Tramos!$A$5:$A$112,0)) | C59: =INDEX(Tramos!$K$5:$K$112,MATCH(A59,Tramos!$A$5:$A$112,0)) | D59: =INDEX(Tramos!$N$5:$N$112,MATCH(A59,Tramos!$A$5:$A$112,0)) | E59: =INDEX(Tramos!$P$5:$P$112,MATCH(A59,Tramos!$A$5:$A$112,0)) | F59: =INDEX(Tramos!$X$5:$X$112,MATCH(A59,Tramos!$A$5:$A$112,0)) | G59: =SUM(F$54:F59)
A60: D0 | B60: =INDEX(Tramos!$B$5:$B$112,MATCH(A60,Tramos!$A$5:$A$112,0)) | C60: =INDEX(Tramos!$K$5:$K$112,MATCH(A60,Tramos!$A$5:$A$112,0)) | D60: =INDEX(Tramos!$N$5:$N$112,MATCH(A60,Tramos!$A$5:$A$112,0)) | E60: =INDEX(Tramos!$P$5:$P$112,MATCH(A60,Tramos!$A$5:$A$112,0)) | F60: =INDEX(Tramos!$X$5:$X$112,MATCH(A60,Tramos!$A$5:$A$112,0)) | G60: =SUM(F$54:F60)
A61: DL1 | B61: =INDEX(Tramos!$B$5:$B$112,MATCH(A61,Tramos!$A$5:$A$112,0)) | C61: =INDEX(Tramos!$K$5:$K$112,MATCH(A61,Tramos!$A$5:$A$112,0)) | D61: =INDEX(Tramos!$N$5:$N$112,MATCH(A61,Tramos!$A$5:$A$112,0)) | E61: =INDEX(Tramos!$P$5:$P$112,MATCH(A61,Tramos!$A$5:$A$112,0)) | F61: =INDEX(Tramos!$X$5:$X$112,MATCH(A61,Tramos!$A$5:$A$112,0)) | G61: =SUM(F$54:F61)
A62: MDL1 | B62: =INDEX(Tramos!$B$5:$B$112,MATCH(A62,Tramos!$A$5:$A$112,0)) | C62: =INDEX(Tramos!$K$5:$K$112,MATCH(A62,Tramos!$A$5:$A$112,0)) | D62: =INDEX(Tramos!$N$5:$N$112,MATCH(A62,Tramos!$A$5:$A$112,0)) | E62: =INDEX(Tramos!$P$5:$P$112,MATCH(A62,Tramos!$A$5:$A$112,0)) | F62: =INDEX(Tramos!$X$5:$X$112,MATCH(A62,Tramos!$A$5:$A$112,0)) | G62: =SUM(F$54:F62)
A63: MDL2 | B63: =INDEX(Tramos!$B$5:$B$112,MATCH(A63,Tramos!$A$5:$A$112,0)) | C63: =INDEX(Tramos!$K$5:$K$112,MATCH(A63,Tramos!$A$5:$A$112,0)) | D63: =INDEX(Tramos!$N$5:$N$112,MATCH(A63,Tramos!$A$5:$A$112,0)) | E63: =INDEX(Tramos!$P$5:$P$112,MATCH(A63,Tramos!$A$5:$A$112,0)) | F63: =INDEX(Tramos!$X$5:$X$112,MATCH(A63,Tramos!$A$5:$A$112,0)) | G63: =SUM(F$54:F63)
A64: MDL3 | B64: =INDEX(Tramos!$B$5:$B$112,MATCH(A64,Tramos!$A$5:$A$112,0)) | C64: =INDEX(Tramos!$K$5:$K$112,MATCH(A64,Tramos!$A$5:$A$112,0)) | D64: =INDEX(Tramos!$N$5:$N$112,MATCH(A64,Tramos!$A$5:$A$112,0)) | E64: =INDEX(Tramos!$P$5:$P$112,MATCH(A64,Tramos!$A$5:$A$112,0)) | F64: =INDEX(Tramos!$X$5:$X$112,MATCH(A64,Tramos!$A$5:$A$112,0)) | G64: =SUM(F$54:F64)
A65: MDL4 | B65: =INDEX(Tramos!$B$5:$B$112,MATCH(A65,Tramos!$A$5:$A$112,0)) | C65: =INDEX(Tramos!$K$5:$K$112,MATCH(A65,Tramos!$A$5:$A$112,0)) | D65: =INDEX(Tramos!$N$5:$N$112,MATCH(A65,Tramos!$A$5:$A$112,0)) | E65: =INDEX(Tramos!$P$5:$P$112,MATCH(A65,Tramos!$A$5:$A$112,0)) | F65: =INDEX(Tramos!$X$5:$X$112,MATCH(A65,Tramos!$A$5:$A$112,0)) | G65: =SUM(F$54:F65)
... A75: H5 | B75: =INDEX(Tramos!$B$5:$B$112,MATCH(A75,Tramos!$A$5:$A$112,0)) | C75: =INDEX(Tramos!$K$5:$K$112,MATCH(A75,Tramos!$A$5:$A$112,0)) | D75: =INDEX(Tramos!$N$5:$N$112,MATCH(A75,Tramos!$A$5:$A$112,0)) | E75: =INDEX(Tramos!$P$5:$P$112,MATCH(A75,Tramos!$A$5:$A$112,0)) | F75: =INDEX(Tramos!$X$5:$X$112,MATCH(A75,Tramos!$A$5:$A$112,0)) | G75: =SUM(F$54:F75)
A78: R3 AF directo E · P7 · lavabo | B78: Descripción | C78: Qc (l/s) | D78: Designación | E78: v (m/s) | F78: hf+hm (mca) | G78: Σ acumulada (mca)
A79: G1 | B79: =INDEX(Tramos!$B$5:$B$112,MATCH(A79,Tramos!$A$5:$A$112,0)) | C79: =INDEX(Tramos!$K$5:$K$112,MATCH(A79,Tramos!$A$5:$A$112,0)) | D79: =INDEX(Tramos!$N$5:$N$112,MATCH(A79,Tramos!$A$5:$A$112,0)) | E79: =INDEX(Tramos!$P$5:$P$112,MATCH(A79,Tramos!$A$5:$A$112,0)) | F79: =INDEX(Tramos!$X$5:$X$112,MATCH(A79,Tramos!$A$5:$A$112,0)) | G79: =SUM(F$79:F79)
A80: E1 | B80: =INDEX(Tramos!$B$5:$B$112,MATCH(A80,Tramos!$A$5:$A$112,0)) | C80: =INDEX(Tramos!$K$5:$K$112,MATCH(A80,Tramos!$A$5:$A$112,0)) | D80: =INDEX(Tramos!$N$5:$N$112,MATCH(A80,Tramos!$A$5:$A$112,0)) | E80: =INDEX(Tramos!$P$5:$P$112,MATCH(A80,Tramos!$A$5:$A$112,0)) | F80: =INDEX(Tramos!$X$5:$X$112,MATCH(A80,Tramos!$A$5:$A$112,0)) | G80: =SUM(F$79:F80)
A81: E2 | B81: =INDEX(Tramos!$B$5:$B$112,MATCH(A81,Tramos!$A$5:$A$112,0)) | C81: =INDEX(Tramos!$K$5:$K$112,MATCH(A81,Tramos!$A$5:$A$112,0)) | D81: =INDEX(Tramos!$N$5:$N$112,MATCH(A81,Tramos!$A$5:$A$112,0)) | E81: =INDEX(Tramos!$P$5:$P$112,MATCH(A81,Tramos!$A$5:$A$112,0)) | F81: =INDEX(Tramos!$X$5:$X$112,MATCH(A81,Tramos!$A$5:$A$112,0)) | G81: =SUM(F$79:F81)
A82: E3 | B82: =INDEX(Tramos!$B$5:$B$112,MATCH(A82,Tramos!$A$5:$A$112,0)) | C82: =INDEX(Tramos!$K$5:$K$112,MATCH(A82,Tramos!$A$5:$A$112,0)) | D82: =INDEX(Tramos!$N$5:$N$112,MATCH(A82,Tramos!$A$5:$A$112,0)) | E82: =INDEX(Tramos!$P$5:$P$112,MATCH(A82,Tramos!$A$5:$A$112,0)) | F82: =INDEX(Tramos!$X$5:$X$112,MATCH(A82,Tramos!$A$5:$A$112,0)) | G82: =SUM(F$79:F82)
A83: G2 | B83: =INDEX(Tramos!$B$5:$B$112,MATCH(A83,Tramos!$A$5:$A$112,0)) | C83: =INDEX(Tramos!$K$5:$K$112,MATCH(A83,Tramos!$A$5:$A$112,0)) | D83: =INDEX(Tramos!$N$5:$N$112,MATCH(A83,Tramos!$A$5:$A$112,0)) | E83: =INDEX(Tramos!$P$5:$P$112,MATCH(A83,Tramos!$A$5:$A$112,0)) | F83: =INDEX(Tramos!$X$5:$X$112,MATCH(A83,Tramos!$A$5:$A$112,0)) | G83: =SUM(F$79:F83)
A84: E4 | B84: =INDEX(Tramos!$B$5:$B$112,MATCH(A84,Tramos!$A$5:$A$112,0)) | C84: =INDEX(Tramos!$K$5:$K$112,MATCH(A84,Tramos!$A$5:$A$112,0)) | D84: =INDEX(Tramos!$N$5:$N$112,MATCH(A84,Tramos!$A$5:$A$112,0)) | E84: =INDEX(Tramos!$P$5:$P$112,MATCH(A84,Tramos!$A$5:$A$112,0)) | F84: =INDEX(Tramos!$X$5:$X$112,MATCH(A84,Tramos!$A$5:$A$112,0)) | G84: =SUM(F$79:F84)
A85: D0 | B85: =INDEX(Tramos!$B$5:$B$112,MATCH(A85,Tramos!$A$5:$A$112,0)) | C85: =INDEX(Tramos!$K$5:$K$112,MATCH(A85,Tramos!$A$5:$A$112,0)) | D85: =INDEX(Tramos!$N$5:$N$112,MATCH(A85,Tramos!$A$5:$A$112,0)) | E85: =INDEX(Tramos!$P$5:$P$112,MATCH(A85,Tramos!$A$5:$A$112,0)) | F85: =INDEX(Tramos!$X$5:$X$112,MATCH(A85,Tramos!$A$5:$A$112,0)) | G85: =SUM(F$79:F85)
A86: DR1 | B86: =INDEX(Tramos!$B$5:$B$112,MATCH(A86,Tramos!$A$5:$A$112,0)) | C86: =INDEX(Tramos!$K$5:$K$112,MATCH(A86,Tramos!$A$5:$A$112,0)) | D86: =INDEX(Tramos!$N$5:$N$112,MATCH(A86,Tramos!$A$5:$A$112,0)) | E86: =INDEX(Tramos!$P$5:$P$112,MATCH(A86,Tramos!$A$5:$A$112,0)) | F86: =INDEX(Tramos!$X$5:$X$112,MATCH(A86,Tramos!$A$5:$A$112,0)) | G86: =SUM(F$79:F86)
A87: MDR1 | B87: =INDEX(Tramos!$B$5:$B$112,MATCH(A87,Tramos!$A$5:$A$112,0)) | C87: =INDEX(Tramos!$K$5:$K$112,MATCH(A87,Tramos!$A$5:$A$112,0)) | D87: =INDEX(Tramos!$N$5:$N$112,MATCH(A87,Tramos!$A$5:$A$112,0)) | E87: =INDEX(Tramos!$P$5:$P$112,MATCH(A87,Tramos!$A$5:$A$112,0)) | F87: =INDEX(Tramos!$X$5:$X$112,MATCH(A87,Tramos!$A$5:$A$112,0)) | G87: =SUM(F$79:F87)
A88: MDR2 | B88: =INDEX(Tramos!$B$5:$B$112,MATCH(A88,Tramos!$A$5:$A$112,0)) | C88: =INDEX(Tramos!$K$5:$K$112,MATCH(A88,Tramos!$A$5:$A$112,0)) | D88: =INDEX(Tramos!$N$5:$N$112,MATCH(A88,Tramos!$A$5:$A$112,0)) | E88: =INDEX(Tramos!$P$5:$P$112,MATCH(A88,Tramos!$A$5:$A$112,0)) | F88: =INDEX(Tramos!$X$5:$X$112,MATCH(A88,Tramos!$A$5:$A$112,0)) | G88: =SUM(F$79:F88)
A89: MDR3 | B89: =INDEX(Tramos!$B$5:$B$112,MATCH(A89,Tramos!$A$5:$A$112,0)) | C89: =INDEX(Tramos!$K$5:$K$112,MATCH(A89,Tramos!$A$5:$A$112,0)) | D89: =INDEX(Tramos!$N$5:$N$112,MATCH(A89,Tramos!$A$5:$A$112,0)) | E89: =INDEX(Tramos!$P$5:$P$112,MATCH(A89,Tramos!$A$5:$A$112,0)) | F89: =INDEX(Tramos!$X$5:$X$112,MATCH(A89,Tramos!$A$5:$A$112,0)) | G89: =SUM(F$79:F89)
A90: MDR4 | B90: =INDEX(Tramos!$B$5:$B$112,MATCH(A90,Tramos!$A$5:$A$112,0)) | C90: =INDEX(Tramos!$K$5:$K$112,MATCH(A90,Tramos!$A$5:$A$112,0)) | D90: =INDEX(Tramos!$N$5:$N$112,MATCH(A90,Tramos!$A$5:$A$112,0)) | E90: =INDEX(Tramos!$P$5:$P$112,MATCH(A90,Tramos!$A$5:$A$112,0)) | F90: =INDEX(Tramos!$X$5:$X$112,MATCH(A90,Tramos!$A$5:$A$112,0)) | G90: =SUM(F$79:F90)
... A103: H4 | B103: =INDEX(Tramos!$B$5:$B$112,MATCH(A103,Tramos!$A$5:$A$112,0)) | C103: =INDEX(Tramos!$K$5:$K$112,MATCH(A103,Tramos!$A$5:$A$112,0)) | D103: =INDEX(Tramos!$N$5:$N$112,MATCH(A103,Tramos!$A$5:$A$112,0)) | E103: =INDEX(Tramos!$P$5:$P$112,MATCH(A103,Tramos!$A$5:$A$112,0)) | F103: =INDEX(Tramos!$X$5:$X$112,MATCH(A103,Tramos!$A$5:$A$112,0)) | G103: =SUM(F$79:F103)
A106: R4 AF directo E · P7 · bañera | B106: Descripción | C106: Qc (l/s) | D106: Designación | E106: v (m/s) | F106: hf+hm (mca) | G106: Σ acumulada (mca)
A107: G1 | B107: =INDEX(Tramos!$B$5:$B$112,MATCH(A107,Tramos!$A$5:$A$112,0)) | C107: =INDEX(Tramos!$K$5:$K$112,MATCH(A107,Tramos!$A$5:$A$112,0)) | D107: =INDEX(Tramos!$N$5:$N$112,MATCH(A107,Tramos!$A$5:$A$112,0)) | E107: =INDEX(Tramos!$P$5:$P$112,MATCH(A107,Tramos!$A$5:$A$112,0)) | F107: =INDEX(Tramos!$X$5:$X$112,MATCH(A107,Tramos!$A$5:$A$112,0)) | G107: =SUM(F$107:F107)
A108: E1 | B108: =INDEX(Tramos!$B$5:$B$112,MATCH(A108,Tramos!$A$5:$A$112,0)) | C108: =INDEX(Tramos!$K$5:$K$112,MATCH(A108,Tramos!$A$5:$A$112,0)) | D108: =INDEX(Tramos!$N$5:$N$112,MATCH(A108,Tramos!$A$5:$A$112,0)) | E108: =INDEX(Tramos!$P$5:$P$112,MATCH(A108,Tramos!$A$5:$A$112,0)) | F108: =INDEX(Tramos!$X$5:$X$112,MATCH(A108,Tramos!$A$5:$A$112,0)) | G108: =SUM(F$107:F108)
A109: E2 | B109: =INDEX(Tramos!$B$5:$B$112,MATCH(A109,Tramos!$A$5:$A$112,0)) | C109: =INDEX(Tramos!$K$5:$K$112,MATCH(A109,Tramos!$A$5:$A$112,0)) | D109: =INDEX(Tramos!$N$5:$N$112,MATCH(A109,Tramos!$A$5:$A$112,0)) | E109: =INDEX(Tramos!$P$5:$P$112,MATCH(A109,Tramos!$A$5:$A$112,0)) | F109: =INDEX(Tramos!$X$5:$X$112,MATCH(A109,Tramos!$A$5:$A$112,0)) | G109: =SUM(F$107:F109)
A110: E3 | B110: =INDEX(Tramos!$B$5:$B$112,MATCH(A110,Tramos!$A$5:$A$112,0)) | C110: =INDEX(Tramos!$K$5:$K$112,MATCH(A110,Tramos!$A$5:$A$112,0)) | D110: =INDEX(Tramos!$N$5:$N$112,MATCH(A110,Tramos!$A$5:$A$112,0)) | E110: =INDEX(Tramos!$P$5:$P$112,MATCH(A110,Tramos!$A$5:$A$112,0)) | F110: =INDEX(Tramos!$X$5:$X$112,MATCH(A110,Tramos!$A$5:$A$112,0)) | G110: =SUM(F$107:F110)
A111: G2 | B111: =INDEX(Tramos!$B$5:$B$112,MATCH(A111,Tramos!$A$5:$A$112,0)) | C111: =INDEX(Tramos!$K$5:$K$112,MATCH(A111,Tramos!$A$5:$A$112,0)) | D111: =INDEX(Tramos!$N$5:$N$112,MATCH(A111,Tramos!$A$5:$A$112,0)) | E111: =INDEX(Tramos!$P$5:$P$112,MATCH(A111,Tramos!$A$5:$A$112,0)) | F111: =INDEX(Tramos!$X$5:$X$112,MATCH(A111,Tramos!$A$5:$A$112,0)) | G111: =SUM(F$107:F111)
A112: E4 | B112: =INDEX(Tramos!$B$5:$B$112,MATCH(A112,Tramos!$A$5:$A$112,0)) | C112: =INDEX(Tramos!$K$5:$K$112,MATCH(A112,Tramos!$A$5:$A$112,0)) | D112: =INDEX(Tramos!$N$5:$N$112,MATCH(A112,Tramos!$A$5:$A$112,0)) | E112: =INDEX(Tramos!$P$5:$P$112,MATCH(A112,Tramos!$A$5:$A$112,0)) | F112: =INDEX(Tramos!$X$5:$X$112,MATCH(A112,Tramos!$A$5:$A$112,0)) | G112: =SUM(F$107:F112)
A113: D0 | B113: =INDEX(Tramos!$B$5:$B$112,MATCH(A113,Tramos!$A$5:$A$112,0)) | C113: =INDEX(Tramos!$K$5:$K$112,MATCH(A113,Tramos!$A$5:$A$112,0)) | D113: =INDEX(Tramos!$N$5:$N$112,MATCH(A113,Tramos!$A$5:$A$112,0)) | E113: =INDEX(Tramos!$P$5:$P$112,MATCH(A113,Tramos!$A$5:$A$112,0)) | F113: =INDEX(Tramos!$X$5:$X$112,MATCH(A113,Tramos!$A$5:$A$112,0)) | G113: =SUM(F$107:F113)
A114: DR1 | B114: =INDEX(Tramos!$B$5:$B$112,MATCH(A114,Tramos!$A$5:$A$112,0)) | C114: =INDEX(Tramos!$K$5:$K$112,MATCH(A114,Tramos!$A$5:$A$112,0)) | D114: =INDEX(Tramos!$N$5:$N$112,MATCH(A114,Tramos!$A$5:$A$112,0)) | E114: =INDEX(Tramos!$P$5:$P$112,MATCH(A114,Tramos!$A$5:$A$112,0)) | F114: =INDEX(Tramos!$X$5:$X$112,MATCH(A114,Tramos!$A$5:$A$112,0)) | G114: =SUM(F$107:F114)
A115: MDR1 | B115: =INDEX(Tramos!$B$5:$B$112,MATCH(A115,Tramos!$A$5:$A$112,0)) | C115: =INDEX(Tramos!$K$5:$K$112,MATCH(A115,Tramos!$A$5:$A$112,0)) | D115: =INDEX(Tramos!$N$5:$N$112,MATCH(A115,Tramos!$A$5:$A$112,0)) | E115: =INDEX(Tramos!$P$5:$P$112,MATCH(A115,Tramos!$A$5:$A$112,0)) | F115: =INDEX(Tramos!$X$5:$X$112,MATCH(A115,Tramos!$A$5:$A$112,0)) | G115: =SUM(F$107:F115)
A116: MDR2 | B116: =INDEX(Tramos!$B$5:$B$112,MATCH(A116,Tramos!$A$5:$A$112,0)) | C116: =INDEX(Tramos!$K$5:$K$112,MATCH(A116,Tramos!$A$5:$A$112,0)) | D116: =INDEX(Tramos!$N$5:$N$112,MATCH(A116,Tramos!$A$5:$A$112,0)) | E116: =INDEX(Tramos!$P$5:$P$112,MATCH(A116,Tramos!$A$5:$A$112,0)) | F116: =INDEX(Tramos!$X$5:$X$112,MATCH(A116,Tramos!$A$5:$A$112,0)) | G116: =SUM(F$107:F116)
A117: MDR3 | B117: =INDEX(Tramos!$B$5:$B$112,MATCH(A117,Tramos!$A$5:$A$112,0)) | C117: =INDEX(Tramos!$K$5:$K$112,MATCH(A117,Tramos!$A$5:$A$112,0)) | D117: =INDEX(Tramos!$N$5:$N$112,MATCH(A117,Tramos!$A$5:$A$112,0)) | E117: =INDEX(Tramos!$P$5:$P$112,MATCH(A117,Tramos!$A$5:$A$112,0)) | F117: =INDEX(Tramos!$X$5:$X$112,MATCH(A117,Tramos!$A$5:$A$112,0)) | G117: =SUM(F$107:F117)
A118: MDR4 | B118: =INDEX(Tramos!$B$5:$B$112,MATCH(A118,Tramos!$A$5:$A$112,0)) | C118: =INDEX(Tramos!$K$5:$K$112,MATCH(A118,Tramos!$A$5:$A$112,0)) | D118: =INDEX(Tramos!$N$5:$N$112,MATCH(A118,Tramos!$A$5:$A$112,0)) | E118: =INDEX(Tramos!$P$5:$P$112,MATCH(A118,Tramos!$A$5:$A$112,0)) | F118: =INDEX(Tramos!$X$5:$X$112,MATCH(A118,Tramos!$A$5:$A$112,0)) | G118: =SUM(F$107:F118)
... A129: H5 | B129: =INDEX(Tramos!$B$5:$B$112,MATCH(A129,Tramos!$A$5:$A$112,0)) | C129: =INDEX(Tramos!$K$5:$K$112,MATCH(A129,Tramos!$A$5:$A$112,0)) | D129: =INDEX(Tramos!$N$5:$N$112,MATCH(A129,Tramos!$A$5:$A$112,0)) | E129: =INDEX(Tramos!$P$5:$P$112,MATCH(A129,Tramos!$A$5:$A$112,0)) | F129: =INDEX(Tramos!$X$5:$X$112,MATCH(A129,Tramos!$A$5:$A$112,0)) | G129: =SUM(F$107:F129)
A132: R5 AF bombeo O · P11 · lavabo | B132: Descripción | C132: Qc (l/s) | D132: Designación | E132: v (m/s) | F132: hf+hm (mca) | G132: Σ acumulada (mca)
A133: BV0 | B133: =INDEX(Tramos!$B$5:$B$112,MATCH(A133,Tramos!$A$5:$A$112,0)) | C133: =INDEX(Tramos!$K$5:$K$112,MATCH(A133,Tramos!$A$5:$A$112,0)) | D133: =INDEX(Tramos!$N$5:$N$112,MATCH(A133,Tramos!$A$5:$A$112,0)) | E133: =INDEX(Tramos!$P$5:$P$112,MATCH(A133,Tramos!$A$5:$A$112,0)) | F133: =INDEX(Tramos!$X$5:$X$112,MATCH(A133,Tramos!$A$5:$A$112,0)) | G133: =SUM(F$133:F133)
A134: BL1 | B134: =INDEX(Tramos!$B$5:$B$112,MATCH(A134,Tramos!$A$5:$A$112,0)) | C134: =INDEX(Tramos!$K$5:$K$112,MATCH(A134,Tramos!$A$5:$A$112,0)) | D134: =INDEX(Tramos!$N$5:$N$112,MATCH(A134,Tramos!$A$5:$A$112,0)) | E134: =INDEX(Tramos!$P$5:$P$112,MATCH(A134,Tramos!$A$5:$A$112,0)) | F134: =INDEX(Tramos!$X$5:$X$112,MATCH(A134,Tramos!$A$5:$A$112,0)) | G134: =SUM(F$133:F134)
A135: MBL8 | B135: =INDEX(Tramos!$B$5:$B$112,MATCH(A135,Tramos!$A$5:$A$112,0)) | C135: =INDEX(Tramos!$K$5:$K$112,MATCH(A135,Tramos!$A$5:$A$112,0)) | D135: =INDEX(Tramos!$N$5:$N$112,MATCH(A135,Tramos!$A$5:$A$112,0)) | E135: =INDEX(Tramos!$P$5:$P$112,MATCH(A135,Tramos!$A$5:$A$112,0)) | F135: =INDEX(Tramos!$X$5:$X$112,MATCH(A135,Tramos!$A$5:$A$112,0)) | G135: =SUM(F$133:F135)
A136: MBL9 | B136: =INDEX(Tramos!$B$5:$B$112,MATCH(A136,Tramos!$A$5:$A$112,0)) | C136: =INDEX(Tramos!$K$5:$K$112,MATCH(A136,Tramos!$A$5:$A$112,0)) | D136: =INDEX(Tramos!$N$5:$N$112,MATCH(A136,Tramos!$A$5:$A$112,0)) | E136: =INDEX(Tramos!$P$5:$P$112,MATCH(A136,Tramos!$A$5:$A$112,0)) | F136: =INDEX(Tramos!$X$5:$X$112,MATCH(A136,Tramos!$A$5:$A$112,0)) | G136: =SUM(F$133:F136)
A137: MBL10 | B137: =INDEX(Tramos!$B$5:$B$112,MATCH(A137,Tramos!$A$5:$A$112,0)) | C137: =INDEX(Tramos!$K$5:$K$112,MATCH(A137,Tramos!$A$5:$A$112,0)) | D137: =INDEX(Tramos!$N$5:$N$112,MATCH(A137,Tramos!$A$5:$A$112,0)) | E137: =INDEX(Tramos!$P$5:$P$112,MATCH(A137,Tramos!$A$5:$A$112,0)) | F137: =INDEX(Tramos!$X$5:$X$112,MATCH(A137,Tramos!$A$5:$A$112,0)) | G137: =SUM(F$133:F137)
A138: MBL11 | B138: =INDEX(Tramos!$B$5:$B$112,MATCH(A138,Tramos!$A$5:$A$112,0)) | C138: =INDEX(Tramos!$K$5:$K$112,MATCH(A138,Tramos!$A$5:$A$112,0)) | D138: =INDEX(Tramos!$N$5:$N$112,MATCH(A138,Tramos!$A$5:$A$112,0)) | E138: =INDEX(Tramos!$P$5:$P$112,MATCH(A138,Tramos!$A$5:$A$112,0)) | F138: =INDEX(Tramos!$X$5:$X$112,MATCH(A138,Tramos!$A$5:$A$112,0)) | G138: =SUM(F$133:F138)
A139: RL1 | B139: =INDEX(Tramos!$B$5:$B$112,MATCH(A139,Tramos!$A$5:$A$112,0)) | C139: =INDEX(Tramos!$K$5:$K$112,MATCH(A139,Tramos!$A$5:$A$112,0)) | D139: =INDEX(Tramos!$N$5:$N$112,MATCH(A139,Tramos!$A$5:$A$112,0)) | E139: =INDEX(Tramos!$P$5:$P$112,MATCH(A139,Tramos!$A$5:$A$112,0)) | F139: =INDEX(Tramos!$X$5:$X$112,MATCH(A139,Tramos!$A$5:$A$112,0)) | G139: =SUM(F$133:F139)
A140: RL2 | B140: =INDEX(Tramos!$B$5:$B$112,MATCH(A140,Tramos!$A$5:$A$112,0)) | C140: =INDEX(Tramos!$K$5:$K$112,MATCH(A140,Tramos!$A$5:$A$112,0)) | D140: =INDEX(Tramos!$N$5:$N$112,MATCH(A140,Tramos!$A$5:$A$112,0)) | E140: =INDEX(Tramos!$P$5:$P$112,MATCH(A140,Tramos!$A$5:$A$112,0)) | F140: =INDEX(Tramos!$X$5:$X$112,MATCH(A140,Tramos!$A$5:$A$112,0)) | G140: =SUM(F$133:F140)
A141: RL3 | B141: =INDEX(Tramos!$B$5:$B$112,MATCH(A141,Tramos!$A$5:$A$112,0)) | C141: =INDEX(Tramos!$K$5:$K$112,MATCH(A141,Tramos!$A$5:$A$112,0)) | D141: =INDEX(Tramos!$N$5:$N$112,MATCH(A141,Tramos!$A$5:$A$112,0)) | E141: =INDEX(Tramos!$P$5:$P$112,MATCH(A141,Tramos!$A$5:$A$112,0)) | F141: =INDEX(Tramos!$X$5:$X$112,MATCH(A141,Tramos!$A$5:$A$112,0)) | G141: =SUM(F$133:F141)
A142: RL4 | B142: =INDEX(Tramos!$B$5:$B$112,MATCH(A142,Tramos!$A$5:$A$112,0)) | C142: =INDEX(Tramos!$K$5:$K$112,MATCH(A142,Tramos!$A$5:$A$112,0)) | D142: =INDEX(Tramos!$N$5:$N$112,MATCH(A142,Tramos!$A$5:$A$112,0)) | E142: =INDEX(Tramos!$P$5:$P$112,MATCH(A142,Tramos!$A$5:$A$112,0)) | F142: =INDEX(Tramos!$X$5:$X$112,MATCH(A142,Tramos!$A$5:$A$112,0)) | G142: =SUM(F$133:F142)
A143: RL5 | B143: =INDEX(Tramos!$B$5:$B$112,MATCH(A143,Tramos!$A$5:$A$112,0)) | C143: =INDEX(Tramos!$K$5:$K$112,MATCH(A143,Tramos!$A$5:$A$112,0)) | D143: =INDEX(Tramos!$N$5:$N$112,MATCH(A143,Tramos!$A$5:$A$112,0)) | E143: =INDEX(Tramos!$P$5:$P$112,MATCH(A143,Tramos!$A$5:$A$112,0)) | F143: =INDEX(Tramos!$X$5:$X$112,MATCH(A143,Tramos!$A$5:$A$112,0)) | G143: =SUM(F$133:F143)
A144: H1 | B144: =INDEX(Tramos!$B$5:$B$112,MATCH(A144,Tramos!$A$5:$A$112,0)) | C144: =INDEX(Tramos!$K$5:$K$112,MATCH(A144,Tramos!$A$5:$A$112,0)) | D144: =INDEX(Tramos!$N$5:$N$112,MATCH(A144,Tramos!$A$5:$A$112,0)) | E144: =INDEX(Tramos!$P$5:$P$112,MATCH(A144,Tramos!$A$5:$A$112,0)) | F144: =INDEX(Tramos!$X$5:$X$112,MATCH(A144,Tramos!$A$5:$A$112,0)) | G144: =SUM(F$133:F144)
... A147: H4 | B147: =INDEX(Tramos!$B$5:$B$112,MATCH(A147,Tramos!$A$5:$A$112,0)) | C147: =INDEX(Tramos!$K$5:$K$112,MATCH(A147,Tramos!$A$5:$A$112,0)) | D147: =INDEX(Tramos!$N$5:$N$112,MATCH(A147,Tramos!$A$5:$A$112,0)) | E147: =INDEX(Tramos!$P$5:$P$112,MATCH(A147,Tramos!$A$5:$A$112,0)) | F147: =INDEX(Tramos!$X$5:$X$112,MATCH(A147,Tramos!$A$5:$A$112,0)) | G147: =SUM(F$133:F147)
A150: R6 AF bombeo O · P11 · bañera | B150: Descripción | C150: Qc (l/s) | D150: Designación | E150: v (m/s) | F150: hf+hm (mca) | G150: Σ acumulada (mca)
A151: BV0 | B151: =INDEX(Tramos!$B$5:$B$112,MATCH(A151,Tramos!$A$5:$A$112,0)) | C151: =INDEX(Tramos!$K$5:$K$112,MATCH(A151,Tramos!$A$5:$A$112,0)) | D151: =INDEX(Tramos!$N$5:$N$112,MATCH(A151,Tramos!$A$5:$A$112,0)) | E151: =INDEX(Tramos!$P$5:$P$112,MATCH(A151,Tramos!$A$5:$A$112,0)) | F151: =INDEX(Tramos!$X$5:$X$112,MATCH(A151,Tramos!$A$5:$A$112,0)) | G151: =SUM(F$151:F151)
A152: BL1 | B152: =INDEX(Tramos!$B$5:$B$112,MATCH(A152,Tramos!$A$5:$A$112,0)) | C152: =INDEX(Tramos!$K$5:$K$112,MATCH(A152,Tramos!$A$5:$A$112,0)) | D152: =INDEX(Tramos!$N$5:$N$112,MATCH(A152,Tramos!$A$5:$A$112,0)) | E152: =INDEX(Tramos!$P$5:$P$112,MATCH(A152,Tramos!$A$5:$A$112,0)) | F152: =INDEX(Tramos!$X$5:$X$112,MATCH(A152,Tramos!$A$5:$A$112,0)) | G152: =SUM(F$151:F152)
A153: MBL8 | B153: =INDEX(Tramos!$B$5:$B$112,MATCH(A153,Tramos!$A$5:$A$112,0)) | C153: =INDEX(Tramos!$K$5:$K$112,MATCH(A153,Tramos!$A$5:$A$112,0)) | D153: =INDEX(Tramos!$N$5:$N$112,MATCH(A153,Tramos!$A$5:$A$112,0)) | E153: =INDEX(Tramos!$P$5:$P$112,MATCH(A153,Tramos!$A$5:$A$112,0)) | F153: =INDEX(Tramos!$X$5:$X$112,MATCH(A153,Tramos!$A$5:$A$112,0)) | G153: =SUM(F$151:F153)
A154: MBL9 | B154: =INDEX(Tramos!$B$5:$B$112,MATCH(A154,Tramos!$A$5:$A$112,0)) | C154: =INDEX(Tramos!$K$5:$K$112,MATCH(A154,Tramos!$A$5:$A$112,0)) | D154: =INDEX(Tramos!$N$5:$N$112,MATCH(A154,Tramos!$A$5:$A$112,0)) | E154: =INDEX(Tramos!$P$5:$P$112,MATCH(A154,Tramos!$A$5:$A$112,0)) | F154: =INDEX(Tramos!$X$5:$X$112,MATCH(A154,Tramos!$A$5:$A$112,0)) | G154: =SUM(F$151:F154)
A155: MBL10 | B155: =INDEX(Tramos!$B$5:$B$112,MATCH(A155,Tramos!$A$5:$A$112,0)) | C155: =INDEX(Tramos!$K$5:$K$112,MATCH(A155,Tramos!$A$5:$A$112,0)) | D155: =INDEX(Tramos!$N$5:$N$112,MATCH(A155,Tramos!$A$5:$A$112,0)) | E155: =INDEX(Tramos!$P$5:$P$112,MATCH(A155,Tramos!$A$5:$A$112,0)) | F155: =INDEX(Tramos!$X$5:$X$112,MATCH(A155,Tramos!$A$5:$A$112,0)) | G155: =SUM(F$151:F155)
A156: MBL11 | B156: =INDEX(Tramos!$B$5:$B$112,MATCH(A156,Tramos!$A$5:$A$112,0)) | C156: =INDEX(Tramos!$K$5:$K$112,MATCH(A156,Tramos!$A$5:$A$112,0)) | D156: =INDEX(Tramos!$N$5:$N$112,MATCH(A156,Tramos!$A$5:$A$112,0)) | E156: =INDEX(Tramos!$P$5:$P$112,MATCH(A156,Tramos!$A$5:$A$112,0)) | F156: =INDEX(Tramos!$X$5:$X$112,MATCH(A156,Tramos!$A$5:$A$112,0)) | G156: =SUM(F$151:F156)
A157: RL1 | B157: =INDEX(Tramos!$B$5:$B$112,MATCH(A157,Tramos!$A$5:$A$112,0)) | C157: =INDEX(Tramos!$K$5:$K$112,MATCH(A157,Tramos!$A$5:$A$112,0)) | D157: =INDEX(Tramos!$N$5:$N$112,MATCH(A157,Tramos!$A$5:$A$112,0)) | E157: =INDEX(Tramos!$P$5:$P$112,MATCH(A157,Tramos!$A$5:$A$112,0)) | F157: =INDEX(Tramos!$X$5:$X$112,MATCH(A157,Tramos!$A$5:$A$112,0)) | G157: =SUM(F$151:F157)
A158: RL2 | B158: =INDEX(Tramos!$B$5:$B$112,MATCH(A158,Tramos!$A$5:$A$112,0)) | C158: =INDEX(Tramos!$K$5:$K$112,MATCH(A158,Tramos!$A$5:$A$112,0)) | D158: =INDEX(Tramos!$N$5:$N$112,MATCH(A158,Tramos!$A$5:$A$112,0)) | E158: =INDEX(Tramos!$P$5:$P$112,MATCH(A158,Tramos!$A$5:$A$112,0)) | F158: =INDEX(Tramos!$X$5:$X$112,MATCH(A158,Tramos!$A$5:$A$112,0)) | G158: =SUM(F$151:F158)
...

Sheet Bombeo
A1: Grupo de presión (BVV) aspirando de aljibe · Válvula reductora ACS baja · Aljibe
A3: Concepto | B3: Valor | C3: Unidad | D3: Cálculo / nota
A4: Presión mínima necesaria en calderín (máx. recorridos BOMB) | B4: =MAX(Recorridos!$F$9,Recorridos!$F$10,Recorridos!$F$11,Recorridos!$F$12,Recorridos!$F$13,Recorridos!$F$14,Recorridos!$F$15,Recorridos!$F$16) | C4: mca | D4: Máximo de los recorridos R5-R12
A5: Presión a mantener (consigna BVV), redondeada | B5: =CEILING(B4,1) | C5: mca | D5: Redondeo al mca superior
A6: Caudal de bombeo Qb (tramo BV0) | B6: =INDEX(Tramos!$K$5:$K$112,MATCH("BV0",Tramos!$A$5:$A$112,0)) | C6: l/s | D6: AF plantas 6-11 + alimentación ACS de todo el edificio, simultaneidad UNE
A7: Caudal de bombeo Qb | B7: =B6*3.6 | C7: m³/h
A8: Nº de bombas en servicio | B8: =IF(B6<3,1,IF(B6<10,2,IF(B6<30,3,4))) | D8: CTE / apuntes: <3 l/s:1 · 3-10:2 · 10-30:3 · >30:4 (+1 reserva)
A9: Nº total de bombas (incl. reserva) | B9: =B8+1
A10: Caudal por bomba | B10: =B6/B8 | C10: l/s
A11: Altura de bombeo H | B11: =B5+(Datos!$B$50-Datos!$B$51)+Datos!$B$53 | C11: mca | D11: H = P consigna + (z calderín − z lámina mín.) + pérdidas en grupo
A12: Potencia hidráulica por bomba | B12: =1000*Datos!$B$45*B10/1000*B11/1000 | C12: kW | D12: ρ·g·Q·H
A13: Potencia en el eje por bomba | B13: =B12/Datos!$B$54 | C13: kW | D13: η bomba
A14: Potencia eléctrica por bomba (motor + variador) | B14: =B13/(Datos!$B$55*Datos!$B$56) | C14: kW | D14: η motor · η variador
A15: Volumen calderín (BVV) | B15: =Datos!$B$57 | C15: l | D15: Enunciado cond. 29
A16: Presión estática máx. AF/ACS bombeo, grifo planta 8 | B16: =B5+Datos!$B$50-INDEX(Plantas!$P$4:$P$16,MATCH(8,Plantas!$B$4:$B$16,0)) | C16: mca | D16: Q=0: consigna + z cald − z grifo planta más baja con bombeo. Debe ser < 50
A17: Comprobación presión máxima AF/ACS alta | B17: =IF(B16<Datos!$B$19,"CUMPLE (<50 mca)","NO CUMPLE: reductoras")
A18: Tarado mínimo reductora ACS baja (máx. recorridos VRP) | B18: =MAX(Recorridos!$F$17,Recorridos!$F$18,Recorridos!$F$19,Recorridos!$F$20,Recorridos!$F$22) | C18: mca | D18: Máximo de R13-R16, R18
A19: Tarado reductora ACS baja adoptado | B19: =CEILING(B18,1) | C19: mca
A20: Presión estática máx. ACS baja, grifo PB | B20: =B19+Datos!$B$52-INDEX(Plantas!$P$4:$P$16,MATCH(0,Plantas!$B$4:$B$16,0)) | C20: mca | D20: Debe ser < 50
A21: Comprobación presión máxima ACS baja | B21: =IF(B20<Datos!$B$19,"CUMPLE (<50 mca)","NO CUMPLE")
A22: Presión estática máx. AF directo, grifo PB | B22: =Datos!$B$7+Datos!$B$49-INDEX(Plantas!$P$4:$P$16,MATCH(0,Plantas!$B$4:$B$16,0)) | C22: mca | D22: Red sin consumo
A23: Comprobación presión máxima AF directo | B23: =IF(B22<Datos!$B$19,"CUMPLE (<50 mca)","NO CUMPLE")
A24: ALJIBE · volumen necesario | B24: =B6*60*Datos!$B$58 | C24: l | D24: V = Qb (l/min) × t
A25: ALJIBE · nº de vasos | B25: 2 | D25: Mínimo 2 vasos en paralelo (enunciado)
A26: ALJIBE · volumen necesario por vaso | B26: =B24/B25 | C26: l
A27: ALJIBE · vaso comercial adoptado | B27: 4000 | C27: l | D27: Catálogo (Cuestiones AF): 4000 l, Ø2,12 × H1,465 m, 4090 kg lleno
A28: ALJIBE · volumen total instalado | B28: =B25*B27 | C28: l
A29: ALJIBE · comprobación | B29: =IF(B28>=B24,"CUMPLE","AUMENTAR VASO")

Sheet ACS
A1: Producción centralizada de ACS con aerotermia · Justificación CTE DB-HE4
A3: Concepto | B3: Valor | C3: Unidad | D3: Fuente / nota
A4: Nº de habitaciones del hotel | B4: =SUMPRODUCT(Plantas!C4:C16+Plantas!D4:D16) | C4: ud | D4: Plantas (estándar + adaptadas)
A5: Ocupación por habitación | B5: 2 | C5: pers/hab | D5: HIPÓTESIS: habitaciones dobles (2 camas o cama de matrimonio en el DWG)
A6: Nº de personas | B6: =B4*B5 | C6: pers
A7: Demanda unitaria ACS a 60 ºC, hotel *** | B7: 41 | C7: l/(pers·día) | D7: CTE DB-HE4 Anejo F (hotel 3*) — COMPROBAR en el CTE vigente
A8: Demanda diaria de ACS a 60 ºC, D | B8: =B6*B7 | C8: l/día
A9: Contribución renovable mínima exigida | B9: =IF(B8>=5000,0.7,0.6) | D9: HE4: 70 % si D ≥ 5.000 l/día; 60 % si < 5.000 (apuntes ACS)
A10: SCOP mínimo de la bomba de calor para alcanzar esa contribución | B10: =MAX(2.5,1/(1-B9)) | D10: Erenov/Etot = 1 − 1/SCOP (apuntes ACS, BdC); SCOP ≥ 2,5 para ser renovable
A11: SCOP de la bomba de calor elegida | B11: 3.6 | D11: HIPÓTESIS: tomar el valor del catálogo del equipo (BdC alta temperatura)
A12: Contribución renovable obtenida | B12: =1-1/B11
A13: Comprobación HE4 | B13: =IF(B12>=B9,"CUMPLE","NO CUMPLE: subir SCOP o añadir solar térmica")
A14: Temperatura agua fría de red (diseño, invierno) | B14: 10 | C14: ºC | D14: HIPÓTESIS: Barcelona, mes más frío (UNE 94002) — comprobar
A15: Energía diaria necesaria | B15: =B8*4.186*(60-B14)/3600 | C15: kWh/día | D15: E = V·cp·(60 − T AF)
A16: Horas de funcionamiento de la BdC | B16: 16 | C16: h/día | D16: Criterio de diseño adoptado
A17: Potencia térmica bombas de calor | B17: =B15/B16 | C17: kW | D17: P = E / t
A18: Volumen de acumulación a 60 ºC (criterio: 40 % de D) | B18: =0.4*B8 | C18: l | D18: Criterio de diseño adoptado (cubrir punta mañana/noche)
A19: Nº de acumuladores en paralelo | B19: 4 | C19: ud | D19: Depósitos en sótano (enunciado cond. 41)
A20: Volumen por acumulador | B20: =B18/B19 | C20: l | D20: Elegir el comercial superior
A21: Caldera de gas natural de apoyo (100 % respaldo) | B21: =B17 | C21: kW | D21: Enunciado cond. 39: apoyo si la BdC no alcanza 60 ºC
A22: Retorno de ACS | B22: Sí | D22: Distancia > 15 m desde la producción (CTE HS4); solo se dibuja (Anexo II)
